4.436159e-01,5.035628e-01,5.422687e-01,1.673646e-02,6.521013e-01,3.809741e-01,1.330415e-01,8.839451e-01,8.288069e-01,2.668179e-01,3.209221e-01,7.605095e-01,3.401750e-01,2.692194e-02,9.895011e-02,6.008917e-01
8.094175e-01,5.293285e-01,8.301223e-01,8.846084e-01,7.974821e-01,2.375199e-01,5.578935e-01,5.693983e-01,5.879153e-01,8.018124e-01,6.277368e-01,1.645698e-01,3.661035e-01,1.773615e-01,6.492996e-01,4.762628e-01
2.970105e-01,7.535996e-01,6.249552e-01,6.459449e-01,9.931442e-01,3.351812e-01,2.080882e-03,1.213157e-01,7.629684e-01,3.259160e-01,8.448374e-02,7.902917e-01,8.759960e-01,6.078500e-01,9.122673e-03,4.593753e-01
8.239627e-01,6.234508e-02,6.052931e-01,2.669885e-01,2.591325e-03,6.307466e-01,2.897011e-01,4.888790e-01,4.070038e-01,3.280705e-01,3.509856e-01,5.556329e-01,2.751795e-01,7.260676e-01,3.981006e-01,4.391750e-01
9.557677e-01,9.411548e-02,5.232189e-01,9.220755e-02,9.122669e-01,6.363875e-01,2.722084e-02,6.480610e-01,6.393190e-01,1.759789e-02,6.866045e-01,2.644439e-01,1.952652e-01,5.568724e-02,5.402204e-01,9.221832e-01
4.759341e-01,7.650808e-01,6.746975e-01,2.472669e-01,8.296669e-01,8.643864e-01,9.946697e-01,7.314592e-01,2.241129e-01,8.010570e-01,5.489928e-02,1.445676e-01,7.754757e-01,4.221337e-01,7.374793e-03,4.606870e-01
4.665226e-01,8.624612e-01,7.315971e-01,6.387439e-01,7.263651e-01,5.677624e-01,4.712579e-01,4.650455e-01,6.344961e-01,4.534885e-01,4.280587e-01,2.604895e-02,7.726164e-01,3.851853e-01,1.461747e-01,1.452873e-01
3.577027e-01,9.649905e-01,1.045212e-02,6.597826e-01,5.512476e-01,5.934168e-01,7.680842e-01,7.996820e-01,9.607954e-01,3.409677e-01,1.501058e-02,9.818023e-01,7.081594e-01,2.588036e-01,8.203337e-02,3.391488e-01
9.405103e-01,9.364947e-01,4.601791e-01,6.718266e-01,3.159607e-02,6.049675e-01,7.394146e-01,2.821294e-02,6.104475e-03,4.701574e-01,6.554654e-01,4.896049e-01,4.265437e-01,8.954564e-01,9.844955e-01,4.561449e-01
4.421774e-01,7.832275e-01,5.623266e-01,3.193309e-01,2.320717e-01,2.205366e-01,7.602963e-01,8.059060e-01,5.327873e-01,8.846632e-01,9.123142e-01,8.261868e-01,1.796147e-01,1.805079e-01,4.579066e-01,7.829815e-01
9.064933e-01,8.841162e-01,8.458629e-01,8.819656e-01,7.724695e-01,6.404783e-01,9.770056e-01,4.056192e-01,3.951102e-01,1.973955e-01,1.613760e-02,9.808315e-01,9.242468e-01,3.694969e-01,2.683098e-01,8.774972e-01
5.551272e-02,8.137611e-01,6.348844e-01,6.771009e-01,2.636884e-01,1.300301e-01,8.556863e-01,3.473903e-01,7.000749e-01,5.786198e-01,6.826813e-01,9.635046e-01,2.238997e-01,2.347951e-01,3.928525e-01,6.493714e-01
8.016352e-01,7.003319e-01,3.575515e-01,9.196051e-01,7.059456e-01,4.399294e-01,9.042659e-01,5.254091e-02,9.447503e-01,1.533744e-01,2.970469e-01,5.037028e-01,8.344829e-01,7.488276e-01,4.814073e-01,7.836774e-01
4.019130e-01,1.711980e-01,4.989200e-02,9.697551e-01,6.550237e-01,4.611844e-01,6.116930e-01,8.212194e-01,4.959580e-02,7.985754e-01,1.701218e-01,4.883602e-01,1.814527e-01,6.644687e-01,5.869796e-01,8.470166e-01
7.709383e-01,2.210961e-01,6.308333e-01,8.231551e-01,1.416856e-02,6.270544e-02,4.173758e-01,7.569588e-01,9.778713e-03,1.289696e-01,4.935304e-01,3.424579e-02,9.461629e-01,7.247905e-02,2.853842e-01,2.561763e-02
8.464525e-01,3.386321e-01,8.402913e-01,1.581592e-01,4.495081e-01,8.710138e-01,9.107014e-02,2.961923e-01,6.783987e-01,6.159060e-01,7.172683e-01,8.426898e-01,2.760960e-01,3.546033e-01,4.635057e-01,7.559099e-01
4.821426e-01,4.092994e-01,6.683753e-01,5.893423e-01,9.614079e-01,8.748547e-01,4.140353e-01,2.132240e-01,1.194069e-01,8.600366e-01,1.263981e-01,2.018920e-01,2.309930e-01,1.112847e-01,8.804798e-01,6.587122e-01
3.371795e-01,7.402154e-01,5.452559e-01,7.433679e-01,6.857945e-01,8.186321e-02,6.434945e-01,7.141872e-01,3.190935e-02,4.496709e-01,6.045053e-01,5.262964e-01,7.324949e-01,9.009309e-01,3.153874e-01,3.799599e-01
8.689554e-01,1.402655e-01,4.323601e-01,6.346398e-01,8.642306e-01,5.389963e-01,5.641720e-01,6.678496e-01,2.188588e-01,1.044619e-03,1.472390e-01,8.618109e-02,5.092212e-01,1.339582e-01,1.530914e-01,7.926105e-01
1.624883e-01,9.159545e-01,4.286311e-01,2.054301e-01,3.553689e-01,8.261117e-01,6.261272e-03,8.968471e-01,9.766511e-01,4.083272e-01,2.517244e-01,9.619794e-01,8.334267e-01,2.295917e-01,5.678004e-01,5.258067e-01
6.841141e-01,4.590520e-01,4.805748e-01,2.661475e-01,7.909318e-01,7.148793e-01,8.524008e-02,4.458038e-01,7.202416e-01,3.421699e-01,3.789626e-01,3.064954e-01,2.055320e-01,3.685457e-01,2.561507e-01,8.841785e-02
2.808132e-01,4.585604e-01,4.494946e-01,6.900294e-02,2.003828e-01,1.820985e-01,1.241076e-01,1.575244e-01,7.002538e-01,3.645950e-01,7.941896e-01,7.031360e-01,7.081713e-01,7.572794e-01,4.353206e-02,1.852122e-02
5.938677e-01,6.789589e-01,6.046293e-01,3.148100e-01,9.005440e-01,2.712787e-01,2.464069e-01,8.144991e-02,5.575418e-01,2.450417e-01,5.365911e-01,5.869965e-01,7.285337e-01,1.210882e-01,8.914706e-01,3.120852e-01
3.837640e-01,1.270716e-01,3.660829e-01,5.495566e-01,3.371100e-02,2.594025e-01,8.972063e-01,9.438908e-01,3.844876e-01,8.410647e-01,3.563456e-01,2.123538e-01,8.787649e-01,2.487064e-01,5.171315e-01,1.549054e-01
8.238797e-01,3.047758e-03,3.713860e-01,9.139807e-01,3.576216e-01,9.691427e-01,4.962002e-01,6.460421e-01,8.954819e-01,6.982652e-01,3.290486e-02,1.610331e-01,4.858904e-02,6.386003e-01,4.019092e-01,4.515327e-01
6.964042e-01,6.870817e-01,7.880050e-01,1.664094e-01,1.683926e-01,2.561338e-01,6.764686e-01,6.478774e-01,1.840927e-01,5.967494e-01,9.538055e-02,6.993326e-01,4.087962e-01,6.887307e-01,9.153848e-01,2.479643e-01
9.989382e-01,8.651635e-01,3.989966e-01,6.000312e-01,3.538893e-01,5.031962e-01,7.858831e-01,8.390304e-01,8.236287e-01,1.607791e-01,7.447127e-01,7.093192e-01,8.714097e-01,4.824476e-01,7.808463e-01,8.497759e-01
5.819648e-02,5.002918e-01,5.011464e-01,8.394966e-01,5.375179e-01,8.206932e-01,6.975605e-02,9.318081e-01,2.793189e-01,5.404322e-01,3.793688e-01,5.914376e-01,6.963705e-02,4.046882e-01,7.118973e-01,5.518056e-01
8.501201e-01,6.655407e-01,4.758994e-01,3.854730e-01,4.920071e-01,7.895673e-01,7.692907e-03,8.479414e-01,7.831924e-01,8.649040e-01,4.119947e-01,3.752877e-01,9.934600e-01,1.439148e-01,4.162045e-01,2.785127e-01
8.651501e-02,5.289921e-01,5.892626e-01,6.308078e-01,6.218222e-01,9.407284e-01,7.995927e-01,2.434974e-01,6.565746e-02,1.576963e-01,1.608326e-01,8.351645e-01,6.553464e-01,1.153295e-01,9.219019e-01,6.023212e-01
7.938281e-01,8.970412e-01,2.698729e-01,2.460548e-02,9.344805e-01,8.827793e-01,3.056037e-01,8.003254e-01,3.218970e-01,1.459228e-02,5.243120e-01,9.511211e-02,5.165145e-01,9.827005e-01,7.715501e-01,9.372243e-01
5.674187e-01,3.735763e-02,9.621490e-01,8.340440e-01,4.317857e-01,2.840132e-01,3.646303e-01,5.269426e-01,9.032296e-01,7.047145e-01,6.968596e-01,2.288511e-01,1.777855e-01,3.435407e-01,8.020723e-01,2.885609e-01
2.704223e-01,3.642544e-01,1.437779e-01,8.549386e-01,8.135355e-01,6.037966e-01,2.196431e-01,9.148201e-01,9.798857e-01,8.954261e-01,8.129256e-01,2.153714e-01,7.928890e-01,7.308932e-01,3.714084e-01,6.274218e-01
2.949126e-01,7.613902e-01,3.874860e-01,6.576902e-01,7.681040e-01,4.560843e-02,4.720730e-01,3.315498e-02,4.846915e-02,7.474183e-01,8.006227e-01,3.753403e-01,8.469211e-01,8.389206e-01,1.646021e-01,3.178317e-01
6.535677e-01,7.744590e-01,2.752383e-02,5.740322e-01,6.124184e-01,5.268925e-01,9.264969e-02,8.467442e-01,6.378243e-01,3.210628e-01,3.946400e-01,2.762906e-01,7.102935e-01,2.607786e-01,6.324299e-01,4.503881e-01
4.743160e-01,1.322429e-01,3.155389e-01,9.537458e-01,4.254487e-02,6.062504e-01,3.674149e-01,6.184295e-01,7.972028e-01,8.074132e-01,3.677992e-01,4.737210e-01,3.277868e-01,2.522148e-01,7.710263e-01,8.071477e-01
3.254806e-01,8.674972e-01,9.858285e-01,1.121777e-01,2.783402e-01,9.221378e-02,5.848030e-01,9.682961e-01,1.653599e-01,9.062585e-01,4.530407e-01,5.795710e-01,1.869420e-01,2.059017e-01,8.276046e-02,2.236157e-01
6.396016e-01,5.977030e-01,1.615769e-01,4.370611e-01,4.500458e-01,7.506741e-01,7.741866e-01,1.022079e-01,9.546340e-01,2.949908e-01,5.682878e-01,7.811137e-01,4.931619e-02,7.990435e-01,1.313782e-01,6.617487e-01
3.591190e-01,5.953550e-01,5.290012e-01,8.063601e-01,7.786376e-01,6.225997e-01,2.334468e-01,9.365987e-02,2.563752e-01,2.336343e-01,5.230719e-01,4.373099e-01,5.699492e-01,4.876849e-02,1.639528e-01,6.654106e-01
5.142735e-02,3.313398e-01,4.448717e-01,9.132981e-01,9.201949e-01,3.117604e-01,6.735169e-02,4.430500e-02,1.508130e-01,3.326954e-01,7.351388e-01,7.109725e-03,3.293759e-01,6.003124e-01,1.738863e-01,6.476463e-01
4.492798e-01,5.297115e-01,7.476607e-01,4.961508e-01,4.404403e-02,5.404517e-01,8.750439e-02,6.013849e-01,3.214115e-01,7.566068e-02,6.400576e-01,4.892041e-01,9.479523e-01,7.885626e-01,9.847954e-01,8.343789e-01
2.425821e-01,9.527800e-02,2.406832e-01,2.231677e-01,1.200408e-01,5.595998e-01,7.046082e-01,5.596621e-01,8.473873e-01,9.469903e-01,6.823540e-01,4.965500e-01,1.484114e-01,9.352102e-01,3.837708e-01,6.440412e-01
8.107909e-01,8.683044e-01,2.566994e-01,2.521585e-01,8.376696e-01,8.553933e-01,2.844909e-01,2.422815e-01,1.957964e-01,3.292196e-01,7.903305e-02,4.396279e-01,6.277982e-01,7.965473e-01,2.593106e-01,8.710854e-01
7.274858e-01,9.807895e-01,5.279136e-01,5.463651e-01,9.598989e-01,1.897620e-02,3.862368e-02,4.934449e-01,6.162592e-01,9.683087e-01,1.665618e-01,5.943965e-01,5.420675e-01,6.439339e-01,2.154705e-01,2.006759e-01
4.749853e-01,9.166150e-01,6.827595e-01,9.687875e-01,8.129099e-01,9.752160e-01,9.347436e-01,1.265105e-01,4.582605e-01,5.884060e-02,5.694910e-01,4.137318e-01,3.111465e-01,9.210514e-01,5.195451e-01,8.017777e-01
1.304891e-01,4.727518e-01,5.027559e-01,2.303788e-01,9.810850e-01,6.495355e-01,1.131842e-01,3.611542e-01,8.793126e-02,9.968571e-01,6.422795e-01,3.954628e-01,8.092420e-01,5.633760e-01,4.861987e-01,9.759856e-01
1.864253e-01,8.526834e-01,9.569091e-01,6.103687e-01,5.661596e-01,9.906191e-01,3.153409e-01,8.685989e-01,9.635826e-01,4.579071e-01,3.384083e-01,1.552638e-01,4.143569e-01,2.404687e-01,5.287620e-01,6.686520e-01
8.338795e-01,6.830448e-02,9.870245e-01,4.102885e-02,6.547509e-01,2.968172e-01,1.975073e-01,3.596486e-01,1.920073e-01,8.276965e-01,4.620421e-01,1.813685e-01,6.577333e-01,6.758619e-01,4.077277e-01,2.388440e-01
1.268082e-01,4.657788e-01,2.532910e-01,2.850622e-01,8.527292e-01,9.066807e-01,8.727682e-01,5.782704e-01,4.435588e-01,3.990422e-01,4.447380e-01,9.038775e-01,2.551853e-01,7.676366e-01,9.022187e-01,4.708327e-01
9.745108e-01,1.579582e-01,7.398747e-02,2.968839e-01,9.778671e-02,3.651158e-01,5.048020e-01,5.870854e-01,3.326946e-01,2.213644e-01,9.167239e-01,3.399075e-01,4.417368e-01,8.341413e-01,7.926031e-01,8.577306e-01
5.196128e-01,9.533250e-01,4.499110e-01,3.086983e-01,5.812773e-02,2.700534e-01,6.237829e-01,1.878368e-01,7.107302e-01,4.785987e-01,8.843739e-01,6.749418e-01,4.398995e-02,3.515183e-01,6.421149e-01,3.828543e-01
6.492648e-01,7.205052e-01,9.769522e-01,6.361507e-01,4.251569e-01,7.714952e-01,6.970563e-01,8.033360e-01,5.375059e-02,7.410832e-01,7.709365e-01,6.168658e-01,4.723110e-01,3.657132e-01,3.913844e-01,6.202596e-01
2.322142e-02,2.138291e-02,5.800632e-01,4.163298e-02,8.707780e-04,6.528160e-01,4.558349e-02,1.053177e-02,5.821146e-01,6.720589e-01,6.436492e-01,3.854740e-01,2.677206e-01,7.429025e-01,6.666001e-01,4.621703e-02
5.759929e-01,5.092365e-01,5.565910e-01,7.707630e-01,8.590766e-01,5.390253e-01,9.291577e-01,2.102135e-02,5.790497e-01,6.460410e-01,5.094990e-01,8.689399e-01,1.359083e-01,3.992169e-01,5.129743e-01,6.616144e-01
5.023561e-02,1.495878e-01,8.656681e-01,9.150766e-02,6.363049e-01,8.572834e-01,3.067940e-01,9.133255e-01,2.462476e-01,5.540292e-01,3.935800e-02,1.580025e-01,8.694636e-03,3.355598e-01,5.709266e-01,1.843536e-01
4.417339e-01,9.881270e-01,4.018351e-01,4.638689e-02,9.560059e-01,9.084962e-01,4.530379e-01,6.959943e-01,7.672289e-01,2.528507e-01,4.653268e-01,2.049578e-01,3.372569e-02,3.427829e-01,4.651701e-01,8.751225e-01
4.087163e-01,3.777683e-01,5.045735e-01,3.727971e-01,9.909268e-02,3.430412e-01,1.185618e-01,6.561579e-01,4.128776e-01,7.480019e-01,9.149717e-02,5.493711e-01,1.432896e-01,4.493552e-01,5.657948e-01,3.918075e-01
5.220831e-01,8.060231e-01,1.529203e-01,5.000175e-01,6.304467e-01,7.475270e-01,4.091352e-01,5.035469e-02,4.199353e-01,9.933668e-01,1.511357e-01,5.019192e-01,6.197843e-01,2.612101e-01,7.867712e-01,2.081775e-01
9.650631e-01,8.644205e-03,9.265494e-01,7.293776e-01,2.003673e-01,6.282490e-01,3.705092e-01,8.182739e-01,5.488697e-01,5.385030e-01,9.868981e-01,2.236192e-01,4.239987e-01,6.907950e-01,2.122147e-01,5.962327e-01
7.169145e-01,8.663234e-01,3.781032e-01,2.367134e-01,3.743985e-01,4.417022e-01,3.228467e-01,5.482584e-01,9.473269e-01,3.284887e-01,5.879023e-01,3.473716e-01,1.050195e-01,2.597786e-01,8.896731e-01,6.199724e-01
2.537772e-01,5.498225e-01,8.989914e-01,3.763697e-02,1.733014e-01,4.954667e-01,2.614596e-01,1.550486e-02,3.443627e-02,1.073523e-01,8.880333e-01,8.892628e-01,7.865322e-01,4.652918e-01,6.910788e-01,2.436808e-01
2.670558e-01,4.277880e-01,9.333028e-01,6.391915e-01,9.436501e-01,6.006160e-01,4.429847e-01,1.853871e-01,8.672451e-01,8.904671e-01,3.693579e-01,8.768097e-01,7.331616e-01,6.399391e-01,7.697658e-01,8.131676e-01
9.904562e-01,9.227978e-01,8.323629e-01,6.372170e-01,5.330116e-01,6.132280e-01,3.655705e-01,5.945106e-01,4.883006e-01,8.533231e-01,4.104245e-01,5.592346e-01,5.714582e-01,7.920794e-01,6.828331e-01,6.644948e-01
4.586605e-02,6.880717e-01,9.312400e-01,2.131915e-01,2.288027e-01,4.299732e-01,4.802312e-01,8.509647e-01,1.316678e-01,9.165710e-01,8.408205e-01,9.891628e-01,7.504979e-01,5.510094e-01,3.266331e-02,3.980500e-01
2.531993e-01,2.224966e-01,4.297156e-01,4.793895e-01,8.013660e-01,1.198678e-01,3.150969e-01,2.203711e-02,5.975390e-01,1.238464e-01,4.526075e-01,1.354660e-01,1.448621e-01,4.435131e-01,5.138820e-01,5.799616e-01
2.712672e-01,9.260697e-02,1.583061e-01,6.070560e-01,1.734597e-01,3.293491e-01,4.882830e-01,4.249737e-02,8.203997e-01,4.652425e-01,5.302444e-01,8.991542e-01,8.726215e-01,7.356363e-01,6.512555e-01,6.966834e-01
4.035841e-01,7.122525e-01,4.579384e-01,4.694229e-01,9.525490e-01,8.130689e-01,9.139811e-02,7.732975e-01,8.230312e-01,7.005901e-01,8.994645e-01,9.027152e-01,7.374000e-01,8.534887e-01,5.809977e-01,1.316824e-01
5.966436e-01,4.286226e-01,3.162077e-01,4.877732e-02,6.041630e-01,3.141977e-01,2.143037e-02,8.205818e-02,3.706172e-02,7.495375e-01,4.078822e-02,7.362042e-01,7.275128e-02,6.279295e-01,2.766222e-01,7.542344e-01
4.378965e-01,3.060005e-01,7.059524e-01,6.369163e-01,7.652206e-01,7.248314e-01,2.234264e-01,2.822843e-01,8.321354e-02,6.291066e-01,3.912320e-01,7.021495e-01,2.352374e-01,6.197273e-01,2.000746e-01,4.420703e-01
7.269057e-01,7.428574e-01,6.074273e-01,2.636942e-01,1.520806e-01,4.076575e-01,9.240042e-01,5.576512e-01,1.932401e-02,9.703911e-01,5.544575e-02,4.756109e-01,2.024377e-02,9.844738e-01,3.910365e-01,9.507441e-01
6.457845e-01,1.270205e-01,1.578878e-01,1.400144e-01,4.530581e-01,5.451679e-01,7.831248e-01,7.183556e-01,7.557968e-02,7.704695e-01,2.504131e-01,7.961252e-02,1.815452e-01,5.376215e-01,4.272796e-01,6.656241e-01
4.579213e-01,5.848053e-01,5.803712e-01,7.946489e-01,6.435523e-01,8.843183e-01,1.800570e-02,9.408442e-01,5.763710e-02,3.149502e-01,3.315438e-01,7.272382e-01,2.097214e-01,4.703363e-01,5.142503e-01,3.551487e-01
8.199244e-01,8.855339e-01,8.567174e-01,3.685125e-01,3.905347e-01,3.314512e-01,1.684162e-01,4.679858e-01,7.996075e-02,3.646250e-01,2.436035e-03,6.401097e-01,3.093268e-01,3.755796e-02,6.532115e-01,4.214039e-01
8.511056e-01,2.888284e-01,7.745981e-02,1.362333e-01,2.760238e-02,6.342002e-01,6.442722e-01,3.300759e-01,2.218494e-01,5.308145e-01,3.494164e-01,3.653221e-01,4.312878e-01,3.567921e-01,6.170256e-02,2.359431e-01
9.088068e-01,6.031259e-01,9.719097e-01,8.883180e-01,5.578265e-02,7.074763e-01,4.308020e-01,7.912011e-01,2.916490e-02,7.965032e-01,3.449872e-02,1.573166e-01,3.782303e-01,1.496148e-02,4.802893e-01,1.010732e-01
7.291809e-01,1.254555e-01,5.249244e-02,5.370918e-01,9.868909e-01,6.033595e-01,2.897958e-01,3.478047e-01,1.856664e-01,2.774735e-01,9.292510e-01,3.004594e-01,4.391854e-01,1.339230e-02,8.221555e-01,6.152154e-01
5.264006e-01,2.272962e-02,6.288353e-01,6.941058e-01,9.658779e-01,9.488081e-01,4.431747e-01,9.470025e-01,5.058640e-01,1.053549e-01,4.971407e-01,8.076795e-01,5.647220e-01,1.016830e-01,6.855878e-02,1.998229e-01
4.454822e-01,2.488119e-01,9.621775e-01,7.388359e-01,8.951985e-01,6.821703e-01,7.852124e-01,2.795831e-01,1.793661e-01,7.649957e-01,9.577818e-01,5.907739e-01,7.261963e-01,6.697045e-02,8.847316e-01,9.842913e-01
8.859308e-01,5.728336e-02,3.870592e-01,9.706771e-01,9.526121e-01,4.783895e-01,7.480665e-01,7.806770e-01,9.016029e-01,3.910157e-01,2.110229e-01,6.021234e-01,8.288563e-01,3.549025e-01,7.623050e-01,4.978365e-01
5.656807e-01,3.460688e-01,6.841308e-01,4.685795e-01,2.579687e-01,7.681231e-01,8.592783e-01,7.858022e-01,9.964971e-02,5.007364e-01,7.592828e-01,8.422645e-01,6.608527e-01,5.786722e-01,2.425042e-01,7.280397e-01
8.943953e-01,2.537701e-01,2.399413e-01,5.407309e-01,9.941348e-01,4.653829e-01,1.200516e-01,3.477452e-01,7.636592e-02,8.573898e-01,1.720683e-01,6.373735e-01,7.617024e-01,5.858902e-01,2.828822e-02,8.225915e-01
9.696205e-01,6.950746e-01,9.854759e-01,9.827508e-01,4.789423e-01,3.280210e-01,5.382514e-01,2.923148e-01,5.619775e-02,6.103106e-01,5.596001e-01,3.582924e-01,4.505802e-02,7.238099e-01,9.212965e-01,5.519608e-01
1.403665e-01,7.561660e-01,7.517594e-01,2.590505e-01,5.818870e-02,7.943625e-01,8.671792e-01,6.789163e-01,5.560188e-01,4.377999e-01,1.273543e-02,4.186997e-01,2.729055e-01,9.334883e-01,6.937872e-01,6.547580e-01
6.007874e-01,6.421000e-01,2.707899e-01,2.300984e-01,3.436653e-01,8.983986e-01,5.843266e-01,8.562896e-02,8.056692e-01,5.895315e-01,6.584077e-01,2.221280e-01,7.332124e-02,4.763805e-02,3.067610e-01,5.189627e-01
3.845106e-01,9.239232e-01,3.275650e-01,1.419891e-01,4.399196e-01,7.080101e-01,8.715222e-01,3.932546e-01,9.469366e-01,8.507041e-01,2.168490e-02,5.681378e-02,4.854245e-01,5.577488e-01,9.237389e-01,9.235829e-01
5.183526e-01,8.618999e-02,3.584998e-01,4.977967e-01,9.837006e-01,7.744670e-01,3.364653e-01,5.583228e-01,8.245723e-02,2.560833e-01,6.734802e-01,2.248599e-02,8.193337e-01,1.232408e-01,5.082600e-01,3.481062e-01
7.135748e-01,8.466973e-01,5.440784e-02,4.571771e-01,3.700572e-01,3.733374e-01,4.841058e-01,7.381756e-01,4.672742e-01,7.411252e-01,5.114599e-01,7.728233e-01,4.087555e-01,9.065301e-01,4.166504e-01,4.641481e-01
5.299860e-01,9.557974e-01,7.898346e-01,2.278018e-02,7.125086e-01,1.898107e-02,2.738682e-01,9.248927e-01,7.916434e-01,3.701312e-01,2.006617e-01,6.498876e-01,7.214144e-01,7.196016e-01,4.048927e-01,5.104168e-01
4.607905e-01,8.691220e-01,9.202905e-02,9.135320e-01,5.619317e-01,5.091391e-01,4.647452e-01,4.820252e-01,5.542998e-01,8.451278e-01,7.541030e-01,6.128993e-01,4.105598e-01,2.472742e-01,6.057177e-01,8.536759e-02
3.123525e-01,4.012276e-01,7.531725e-01,5.201363e-01,9.838539e-01,4.317434e-01,2.297507e-01,6.881583e-01,5.794381e-02,8.018477e-01,2.712137e-01,8.526675e-01,9.610311e-01,1.994628e-01,3.767319e-01,9.588188e-01
8.989743e-01,6.182662e-01,4.312011e-01,8.441238e-01,8.476797e-01,6.392409e-01,4.347065e-01,2.595805e-01,2.175680e-01,9.788003e-01,1.495744e-01,4.777726e-01,1.678066e-01,4.946693e-02,9.853532e-01,2.934499e-01
9.303225e-01,6.681084e-02,3.991891e-01,4.151927e-01,4.090478e-01,3.224413e-01,9.053138e-01,3.884793e-01,3.664594e-01,6.840335e-01,9.992341e-01,8.543838e-01,1.612202e-01,9.493713e-01,6.400889e-01,6.682177e-01
8.736468e-02,1.712433e-01,3.544108e-01,6.563141e-01,5.875599e-01,2.034678e-01,8.167240e-01,6.357521e-01,5.272379e-01,8.550177e-01,7.124642e-01,1.006517e-01,1.516851e-01,3.262875e-02,9.723789e-01,5.104562e-01
7.834013e-02,1.795158e-02,7.645812e-01,7.721827e-01,7.140722e-01,1.697580e-01,4.619308e-01,6.781741e-01,9.193168e-01,4.815895e-01,8.493103e-01,5.603761e-01,6.703826e-01,8.351449e-01,9.935171e-01,2.081961e-01
8.537117e-01,3.369132e-01,9.917855e-01,1.580356e-01,9.633862e-01,5.690936e-01,3.518849e-01,9.601008e-01,9.580299e-01,7.957884e-02,4.591943e-01,8.676867e-01,4.778218e-01,8.474060e-01,7.087343e-01,6.850993e-01
1.559588e-02,8.763944e-01,4.800297e-01,7.691448e-01,3.230059e-01,9.782423e-01,3.611260e-02,2.466299e-01,8.189552e-01,9.659920e-01,1.405549e-01,7.521835e-01,9.505118e-01,6.509806e-01,1.015199e-01,5.163731e-01
4.626591e-01,5.666570e-01,8.194347e-01,8.219832e-01,2.306084e-01,9.323128e-01,4.278409e-01,1.702343e-01,8.316665e-01,1.801099e-01,9.298328e-01,3.473415e-01,8.009925e-01,7.956865e-01,5.330916e-01,2.294751e-01
6.878312e-01,4.203515e-01,4.598342e-01,8.008465e-01,5.665953e-01,2.431080e-01,5.902478e-01,3.111934e-01,3.437531e-01,4.263621e-01,4.975395e-01,2.308959e-01,4.784579e-01,6.261548e-01,6.193220e-01,8.383174e-01
4.456107e-01,1.821318e-01,1.113884e-01,8.453515e-01,4.993743e-01,6.605088e-01,7.790296e-01,7.155995e-01,7.650066e-01,8.913609e-01,8.048294e-01,2.850422e-01,9.521357e-01,8.733341e-01,7.503432e-01,7.723238e-01
3.218131e-01,8.960080e-01,4.934829e-01,5.209582e-01,7.916001e-01,4.051173e-01,5.903327e-01,8.034823e-01,3.003826e-01,2.581342e-01,2.575686e-01,6.691589e-01,8.177163e-01,3.329292e-01,3.390651e-01,4.905988e-01
2.916875e-01,1.485492e-01,5.476879e-01,4.816660e-01,3.941092e-01,5.039416e-01,5.881593e-01,5.009603e-01,3.295810e-01,7.171916e-02,5.163610e-01,6.267522e-01,4.704307e-01,3.392117e-01,9.179814e-01,9.503572e-01
6.505707e-01,1.836648e-02,5.655201e-01,6.578532e-01,8.377646e-01,2.386172e-01,4.733203e-01,2.202184e-02,6.655073e-01,6.735740e-01,8.853397e-01,9.236075e-01,5.037240e-01,1.967611e-02,1.884318e-01,8.405944e-01
8.567675e-01,7.319132e-01,9.173286e-01,6.122362e-01,1.941013e-01,7.248247e-01,7.231348e-01,5.450682e-01,9.764403e-01,2.203104e-01,7.063296e-01,9.632537e-01,6.225357e-01,4.667288e-01,3.624675e-01,1.717395e-01
2.434241e-01,1.926060e-01,7.029706e-01,7.483624e-01,8.034162e-01,3.281316e-01,5.008027e-01,2.426793e-01,2.225721e-01,3.195394e-01,5.681039e-02,6.847863e-01,9.894197e-01,6.547727e-02,6.806683e-01,3.618803e-01
6.602504e-01,8.639521e-01,1.878040e-01,2.794467e-01,9.382926e-01,1.020363e-01,7.575083e-01,9.415077e-02,7.319411e-01,6.263947e-02,8.696048e-01,9.848996e-02,3.428728e-02,5.197480e-01,2.194419e-01,2.773299e-01
3.450309e-01,9.860629e-01,8.506901e-01,5.799210e-01,3.499958e-01,3.699465e-01,6.206051e-01,9.398338e-01,4.914034e-02,7.017604e-01,2.381466e-01,4.302190e-01,4.806127e-01,2.037968e-01,6.282245e-02,5.910834e-01
8.748910e-01,8.714595e-01,2.793973e-01,1.912440e-01,6.295604e-01,7.301229e-01,4.605553e-01,9.659902e-01,7.970546e-01,6.131396e-01,6.520058e-01,9.775021e-02,2.507693e-01,4.973702e-01,3.715221e-01,5.497228e-01
5.655320e-01,9.495747e-01,8.541934e-01,9.629530e-02,3.764802e-01,2.288420e-01,4.718353e-01,5.619254e-01,3.627265e-01,3.006827e-01,5.622880e-01,6.178428e-01,3.118515e-01,9.357716e-02,2.250349e-01,3.601344e-01
2.401107e-01,5.861953e-01,3.025884e-01,9.991846e-01,7.967582e-01,5.509553e-01,2.010273e-01,3.316892e-01,5.122566e-01,5.672234e-01,4.937046e-01,4.625400e-01,5.631791e-01,1.594281e-01,6.937433e-01,9.815794e-01
6.812208e-01,8.617099e-01,7.659119e-01,8.188930e-01,1.281682e-01,7.694562e-01,5.649787e-01,5.218006e-03,9.063239e-01,1.328058e-01,4.743354e-02,5.634391e-01,2.439998e-01,3.869896e-01,6.974335e-01,2.560600e-02
9.349257e-01,4.693317e-03,9.512430e-01,1.969898e-01,9.337517e-01,4.534894e-01,9.173709e-01,1.906001e-02,9.905746e-01,8.304441e-01,8.909128e-01,1.233675e-01,7.311165e-01,3.150236e-01,4.474194e-01,3.412072e-01
2.793946e-01,3.967554e-01,4.774295e-01,3.967121e-01,3.625486e-01,9.693323e-01,3.727507e-01,5.559070e-01,1.446508e-01,2.225794e-01,5.772490e-01,9.085003e-01,9.742177e-01,6.119536e-01,4.020739e-01,8.990494e-02
8.205375e-01,4.332788e-01,9.198011e-01,5.345795e-01,2.602872e-01,1.012490e-01,6.698617e-01,4.883362e-01,7.396697e-01,8.408857e-01,1.055905e-01,9.779719e-01,2.083919e-01,2.505498e-02,1.070666e-03,6.149611e-01
9.746548e-03,1.080145e-01,6.736846e-01,4.051401e-02,3.796171e-01,9.089273e-01,6.469541e-01,2.525631e-01,6.138340e-01,1.883757e-02,4.376087e-01,2.449727e-01,1.563647e-01,6.324365e-01,6.387216e-01,4.928278e-02
4.284653e-01,1.119381e-01,4.939451e-01,2.499452e-01,8.731626e-01,5.317103e-01,1.149207e-01,5.282490e-01,2.108470e-01,4.196912e-02,7.704128e-01,5.405466e-01,5.139431e-01,9.332664e-01,5.375312e-01,4.761099e-01
1.833952e-01,4.775572e-01,5.065710e-02,7.071670e-01,4.116265e-01,9.694908e-01,8.810430e-02,2.439300e-01,1.610906e-02,4.633303e-01,6.077382e-01,3.645624e-03,8.521345e-01,1.156732e-01,5.698260e-02,4.933487e-01
1.657307e-01,6.316217e-01,8.462365e-01,1.886131e-01,1.831436e-01,2.803429e-01,2.176610e-01,8.582949e-01,9.929014e-01,8.088764e-01,8.114666e-01,2.833982e-02,3.989116e-01,3.278205e-01,5.756780e-01,6.639306e-02
6.793826e-01,9.606675e-01,6.863636e-01,8.179975e-01,4.917939e-01,1.594450e-01,3.182559e-01,6.470794e-02,8.982276e-01,7.168915e-01,9.932721e-01,4.270161e-01,7.514294e-01,3.881201e-01,6.634079e-01,3.640875e-01
9.107810e-03,8.103251e-01,2.790188e-01,9.108920e-01,6.729979e-01,4.766327e-01,8.252869e-01,2.256006e-01,9.714828e-01,8.587843e-01,7.257125e-01,6.989767e-01,7.929673e-01,8.133764e-01,7.442359e-01,3.056626e-01
3.258530e-01,6.339080e-01,8.194643e-01,4.333016e-01,8.509077e-01,1.503096e-01,5.112093e-01,5.010582e-01,3.339924e-01,6.051031e-01,6.795323e-01,5.169417e-01,8.214662e-01,8.125452e-01,3.486359e-01,1.964835e-01
3.878184e-01,3.497263e-01,9.559654e-01,5.711295e-01,8.740174e-02,4.748570e-01,6.940604e-01,2.841523e-01,4.469080e-01,8.797320e-01,5.482876e-01,4.517554e-01,2.376914e-01,8.836921e-01,3.632603e-01,9.224726e-01
7.371699e-01,7.714470e-01,1.597925e-02,4.317048e-01,2.919861e-01,4.196592e-02,6.763324e-01,9.040975e-01,5.229320e-01,4.626429e-01,8.625478e-01,7.915835e-01,3.184229e-01,6.122718e-01,1.485160e-01,9.750209e-01
7.081243e-01,5.924441e-02,5.934907e-01,7.260969e-01,3.729510e-01,5.897813e-01,4.300768e-01,8.945380e-01,2.370951e-01,5.569215e-01,9.777769e-01,1.754426e-01,6.395712e-01,2.907880e-01,2.493506e-01,3.143381e-01
4.596560e-01,1.792294e-01,5.001202e-01,8.919303e-01,8.392678e-02,3.230889e-01,4.604759e-01,4.633743e-01,8.888235e-01,9.305590e-01,1.423485e-02,5.287559e-01,8.251954e-01,1.232001e-03,6.669299e-02,9.664762e-01
3.077749e-01,9.215151e-01,2.819988e-01,9.737357e-01,8.300165e-02,8.349097e-01,2.343430e-01,8.421257e-01,2.740455e-01,4.182923e-01,6.410119e-01,8.514246e-01,3.048857e-01,8.702424e-01,8.957314e-01,8.474495e-01
2.306441e-01,8.458833e-03,2.237246e-01,6.357908e-01,4.056802e-01,1.992464e-01,5.388324e-01,6.270688e-01,8.431649e-02,3.461571e-01,6.222568e-01,9.158364e-01,3.829167e-01,2.690316e-01,2.439275e-02,4.545557e-01
4.118923e-01,9.746488e-01,6.031636e-01,9.690795e-01,8.344399e-01,2.536059e-01,5.685131e-01,4.881940e-01,9.256517e-01,1.034345e-02,1.828375e-01,5.397374e-01,7.093034e-01,1.339114e-01,7.198851e-01,9.128876e-01
2.662557e-01,9.400798e-01,4.478205e-01,3.194909e-01,7.076563e-01,5.350505e-01,3.480735e-02,2.008395e-01,7.827309e-01,8.344820e-01,8.458477e-01,2.878952e-01,7.776526e-01,2.300454e-01,1.940435e-01,6.385195e-01
4.103500e-01,6.877756e-01,2.223009e-01,8.150971e-01,3.772110e-01,4.986127e-01,1.063857e-01,5.580292e-01,9.953378e-01,4.805773e-01,6.267745e-01,7.562147e-01,8.963354e-01,7.828251e-02,8.645306e-02,2.791808e-02
6.289332e-01,1.552671e-01,5.384713e-01,4.322650e-01,7.831530e-01,4.402034e-01,3.087919e-01,1.274184e-01,9.355564e-01,8.024045e-01,3.890590e-02,1.837219e-01,3.469506e-01,6.305112e-01,6.571185e-01,1.165064e-01
1.976141e-01,8.106751e-02,1.457379e-03,8.597963e-01,9.923123e-02,4.864089e-01,5.753700e-01,4.351625e-01,9.137459e-01,8.265019e-01,4.468008e-01,6.588042e-01,4.790833e-01,3.608399e-01,3.753189e-01,3.538631e-01
7.323142e-02,9.035234e-02,5.687981e-01,9.439807e-01,2.699518e-01,7.013910e-01,5.551041e-02,5.241837e-01,5.778354e-01,3.184875e-01,1.803861e-02,8.167021e-01,2.392435e-03,1.313138e-01,6.478818e-02,4.446326e-02
1.673584e-01,3.156895e-02,2.430112e-01,3.217927e-01,6.199956e-01,9.885379e-01,1.903028e-02,4.239067e-01,9.768362e-01,8.442803e-01,6.951531e-01,4.157496e-01,2.484652e-01,5.411096e-01,7.755673e-01,2.387974e-01
6.484501e-01,2.622555e-01,5.665144e-01,8.228834e-01,7.584545e-01,1.212757e-01,2.697064e-02,5.250544e-01,5.532142e-01,7.376216e-01,6.503284e-01,6.994420e-01,3.445928e-01,3.920588e-01,5.727126e-01,6.119550e-01
7.618430e-01,3.197399e-01,3.472299e-02,4.725112e-02,7.859430e-01,3.812377e-01,4.248300e-01,4.405158e-01,6.117333e-01,4.896935e-01,3.410222e-01,2.027253e-01,5.917572e-02,1.236003e-01,7.123844e-01,3.992808e-01
1.290793e-01,9.072369e-01,6.154787e-01,4.050424e-01,1.889426e-01,1.308070e-01,6.730097e-01,8.260631e-01,5.716223e-01,2.915762e-01,6.363237e-01,5.040509e-01,5.150468e-01,5.674451e-01,4.558807e-01,3.379316e-01
2.023499e-01,4.892640e-01,9.114797e-01,3.868299e-01,9.726878e-01,2.848002e-01,4.552229e-01,1.134331e-01,8.857805e-01,3.742833e-01,7.092069e-01,3.269024e-01,2.390614e-01,6.490896e-01,8.089345e-01,9.917310e-01
5.077638e-01,7.311329e-01,2.160497e-01,2.598230e-01,2.966258e-01,1.500503e-01,9.362187e-01,6.527195e-01,3.256319e-01,8.266779e-01,1.726251e-01,9.148000e-01,6.538356e-01,6.603589e-01,7.542233e-02,7.506273e-01
8.165027e-01,1.161284e-01,1.907033e-02,7.846976e-01,9.478537e-01,2.871214e-01,4.283873e-01,3.660548e-01,7.754058e-01,7.479864e-01,4.149567e-02,7.582707e-01,5.794341e-01,5.810782e-01,4.959262e-01,5.819561e-01
8.612685e-01,7.335783e-01,7.103481e-01,7.910638e-01,4.926376e-02,9.627136e-01,3.746383e-02,2.258803e-01,3.936594e-01,4.962976e-02,2.040861e-01,3.619322e-01,1.631247e-01,7.327428e-01,7.603143e-01,4.433381e-01
5.075405e-01,4.603575e-01,8.114527e-01,7.143100e-01,2.441694e-01,5.650087e-01,4.684206e-01,4.003683e-01,9.328207e-01,1.920553e-01,8.800800e-01,3.347759e-01,9.155926e-01,3.984981e-01,1.486054e-01,7.486581e-01
7.733155e-01,6.800983e-02,9.644075e-01,3.844233e-01,7.341328e-01,4.946185e-01,8.429140e-01,1.486017e-01,3.603201e-01,4.190265e-01,1.223465e-01,1.600747e-01,5.257282e-01,6.169694e-01,5.009801e-01,1.397697e-01
4.171895e-01,8.390804e-01,4.895596e-01,2.682347e-01,6.900492e-01,9.159649e-01,9.891862e-01,3.459170e-01,3.407998e-01,7.474978e-01,4.502337e-01,3.855547e-01,1.663705e-01,5.380874e-01,7.314093e-01,6.801763e-01
2.454836e-01,3.273847e-01,8.671442e-01,7.670567e-01,8.534536e-01,1.729324e-01,7.348316e-01,2.413739e-01,3.576266e-01,6.722846e-01,6.541787e-01,5.367471e-01,6.720542e-01,2.448978e-01,6.838913e-01,9.501925e-01
6.058280e-02,3.487570e-02,3.484760e-01,4.806097e-01,4.585579e-03,1.778196e-01,6.492245e-01,8.178352e-01,7.646887e-01,4.036644e-01,5.951312e-01,8.010224e-02,5.793313e-01,3.047689e-01,3.120838e-01,7.566892e-01
9.248234e-01,7.502289e-01,4.054144e-01,6.559228e-01,5.048297e-01,8.096172e-01,8.666441e-01,4.926798e-02,5.439420e-02,9.328052e-01,1.249821e-01,1.532583e-01,8.822815e-01,2.087888e-01,1.664482e-01,8.534171e-01
8.522305e-01,4.056198e-01,9.615291e-01,1.510324e-01,2.094787e-02,3.976423e-01,9.864605e-01,8.366198e-02,3.107197e-02,5.187341e-01,8.028203e-01,6.357869e-01,6.367177e-01,1.350050e-01,2.762444e-01,8.175176e-01
7.052636e-01,1.248978e-01,3.847336e-01,8.095765e-01,8.946960e-01,8.784516e-01,9.854892e-01,2.686302e-01,1.183774e-02,3.262950e-01,6.588253e-01,4.338741e-02,4.354075e-01,7.245156e-01,3.293241e-01,8.183336e-01
4.975281e-01,7.659708e-01,4.396059e-01,1.522851e-01,7.016702e-01,3.278900e-01,6.775371e-01,4.976014e-01,1.345227e-01,7.444433e-01,8.351882e-02,5.067971e-01,3.100806e-02,8.288181e-01,5.727156e-01,7.696888e-01
5.243825e-01,3.805534e-01,1.497760e-02,5.495017e-01,6.063793e-01,5.799741e-01,1.666107e-01,4.295728e-01,7.161203e-01,5.249438e-01,6.125145e-01,4.992152e-01,2.203896e-01,8.097680e-02,3.302531e-01,9.793281e-01
4.444426e-01,9.233005e-01,7.971959e-01,8.985165e-01,7.602065e-01,1.400531e-01,8.617392e-01,6.235348e-02,7.028903e-02,2.134571e-01,4.028343e-01,8.044878e-01,9.114144e-02,1.177441e-01,1.146593e-01,1.769648e-01
1.017439e-01,1.043285e-02,1.409823e-02,2.049729e-01,2.341971e-01,8.151494e-01,2.272207e-01,7.682217e-01,1.668393e-01,2.168183e-01,9.932159e-01,9.726176e-01,3.778540e-01,8.832755e-01,3.440026e-01,5.675330e-01
1.902219e-01,3.466414e-01,3.519798e-01,8.850253e-01,1.520460e-01,7.340075e-01,2.948414e-01,2.965873e-01,2.134551e-01,1.389732e-01,6.091333e-01,9.138656e-01,8.777301e-01,8.540240e-02,8.392366e-01,4.946132e-01
2.566481e-01,6.408862e-01,3.897041e-01,9.011661e-01,8.325395e-01,2.528492e-02,1.244949e-01,7.464841e-01,8.971882e-01,9.332436e-01,2.125032e-01,5.293215e-01,7.721747e-01,8.348732e-01,3.702652e-01,1.596108e-01
7.097819e-01,2.590883e-01,1.701491e-01,7.411465e-01,3.719678e-01,5.412946e-01,4.504083e-01,7.683064e-01,7.623595e-01,8.202487e-01,8.447920e-01,4.177106e-01,7.403569e-02,9.603344e-02,7.098860e-01,4.896690e-01
2.325632e-02,6.783294e-01,1.567283e-01,9.371574e-01,7.571292e-01,5.591382e-01,4.330406e-01,8.080639e-01,3.000534e-01,2.067644e-01,7.350409e-01,4.289724e-01,4.803804e-01,6.583967e-01,5.817814e-01,6.227887e-01
6.354087e-01,6.813133e-01,6.917492e-01,2.127096e-01,6.474888e-01,7.056905e-01,2.667715e-01,5.172699e-01,9.199356e-01,8.683350e-01,8.144616e-01,1.972915e-01,7.139844e-01,3.425766e-01,4.913737e-01,2.976917e-01
1.932207e-01,1.071569e-01,4.026671e-01,7.719153e-01,5.002203e-01,7.690225e-01,8.843486e-01,2.402089e-01,8.700341e-01,8.453801e-01,4.468585e-01,1.987217e-01,4.227069e-01,6.147733e-01,7.915158e-01,2.809367e-01
5.797233e-01,7.834732e-01,5.506325e-01,3.687710e-01,6.881664e-01,4.534719e-01,3.458190e-01,1.734454e-01,2.006272e-02,7.693645e-01,6.311772e-01,9.224151e-01,5.113636e-03,9.255625e-01,2.577070e-01,1.660520e-01
4.944363e-01,1.230300e-01,1.517924e-01,1.416139e-01,4.768691e-01,8.538472e-01,1.497782e-01,5.780590e-01,8.170221e-01,6.061990e-01,9.109791e-01,1.645568e-02,3.414541e-01,3.481553e-01,4.862471e-03,7.863538e-01
6.720059e-01,8.602988e-01,2.228714e-01,1.067908e-01,8.774962e-01,4.843028e-01,2.929655e-01,4.291828e-01,8.832978e-01,1.339854e-01,2.338625e-03,1.477005e-01,4.200065e-02,4.261029e-01,2.104371e-01,9.713427e-02
2.664961e-02,1.340162e-01,9.254786e-01,5.513847e-01,8.834507e-01,1.378949e-02,9.177257e-01,9.812294e-01,4.237144e-02,6.059331e-01,2.418181e-01,1.633710e-01,1.673698e-01,6.163660e-01,5.607024e-01,2.045637e-02
8.379628e-02,9.395699e-01,6.560400e-01,4.725005e-01,5.474943e-01,9.352972e-01,7.154739e-01,5.572870e-01,1.689316e-01,8.683111e-01,5.510120e-01,5.805781e-01,6.852318e-01,9.189112e-01,5.183927e-01,7.287241e-01
6.453707e-02,1.824204e-01,9.436904e-01,6.116963e-01,5.778820e-01,7.133530e-01,6.156357e-01,6.817595e-01,5.430507e-01,5.441014e-01,9.653535e-01,6.778119e-03,5.211882e-01,6.586026e-01,3.125705e-01,8.235403e-01
4.147159e-02,7.899320e-01,5.278256e-01,9.051551e-01,7.928583e-01,2.064389e-01,4.015470e-01,4.911278e-01,2.006936e-01,6.545683e-01,5.563815e-01,2.088039e-01,3.120485e-01,6.036397e-01,5.687464e-01,2.152480e-01
4.503593e-01,9.116599e-01,7.316684e-01,8.948811e-01,7.046356e-01,6.759779e-01,9.249494e-01,9.225890e-01,6.597593e-01,1.307874e-01,4.660306e-01,6.499451e-01,6.695816e-01,3.029215e-01,6.900969e-01,6.499746e-01
6.324419e-02,4.342669e-01,3.902670e-01,4.749226e-01,5.984979e-01,4.156174e-01,2.155835e-01,1.817041e-01,5.928728e-01,4.542873e-01,8.092268e-01,4.878983e-01,6.315025e-01,8.670295e-01,4.096803e-01,1.219737e-02
4.095803e-01,3.937298e-01,3.944740e-01,5.845684e-01,7.571437e-01,6.749040e-01,9.994510e-01,8.379487e-01,4.486522e-01,7.696125e-01,4.903034e-01,9.862947e-01,7.755144e-01,6.566372e-01,4.242834e-01,4.467679e-01
5.398073e-01,5.273245e-01,4.633932e-01,7.152491e-01,4.545977e-01,1.714316e-01,8.766781e-01,9.734878e-01,4.375334e-01,4.240678e-01,9.958037e-01,2.303849e-01,4.801502e-01,1.560265e-01,9.533622e-01,5.838436e-01
5.653880e-01,8.262052e-01,4.013593e-01,6.390592e-01,9.118879e-02,4.089556e-01,9.959150e-01,6.748482e-01,7.916769e-01,7.735983e-01,4.140034e-01,4.000587e-01,3.626894e-01,8.315091e-01,5.126206e-01,8.073788e-01
2.455566e-02,7.584722e-01,7.010224e-01,8.892501e-01,3.287309e-01,3.097512e-01,3.517863e-01,6.815914e-01,8.488691e-01,6.718005e-01,2.928225e-01,5.236587e-02,8.083687e-01,8.591952e-01,6.335840e-01,7.867836e-01
6.396315e-01,7.159867e-01,3.689963e-01,7.294929e-01,2.164945e-01,2.473123e-01,6.836042e-01,5.302438e-01,5.541036e-01,1.647536e-01,2.922882e-01,8.412733e-01,3.370020e-01,2.727138e-01,8.168464e-01,6.209413e-02
2.989075e-01,9.458032e-01,1.740651e-01,3.313929e-01,9.428289e-01,9.715539e-01,3.540795e-01,6.880760e-01,6.775016e-02,8.655161e-01,1.706552e-01,1.395976e-01,2.606719e-01,6.422868e-01,9.093944e-02,1.899823e-01
3.288753e-02,1.237903e-01,9.689461e-01,1.472595e-01,9.900390e-02,9.287240e-01,3.216572e-01,1.817506e-01,8.521166e-01,9.470155e-01,2.920450e-01,8.841005e-02,9.134779e-01,4.166202e-01,7.851913e-01,6.965741e-02
7.231489e-01,6.521816e-01,4.488193e-01,3.890014e-01,5.094311e-02,1.388175e-01,2.470246e-01,6.798067e-01,1.646299e-01,5.344038e-01,8.333032e-01,5.265220e-02,1.797459e-01,2.093200e-01,2.685760e-01,9.932945e-01
3.506204e-01,8.388362e-01,1.650949e-01,2.049802e-01,9.815744e-01,4.204217e-02,9.799488e-01,3.657325e-01,2.725330e-01,6.536509e-02,7.052553e-01,7.802259e-01,9.340918e-01,7.861543e-01,8.872083e-01,3.168809e-02
1.217289e-01,5.013494e-01,5.862989e-01,8.105636e-01,7.574820e-01,5.026902e-01,8.403395e-02,8.140388e-01,7.103063e-01,4.926514e-01,1.991578e-01,2.188687e-01,5.048901e-01,4.009751e-02,5.728285e-01,4.340685e-01
6.689399e-01,8.932802e-02,9.255189e-01,9.460816e-01,6.234082e-02,5.082312e-02,2.772488e-01,7.867187e-01,4.507542e-01,9.254063e-01,3.605485e-01,7.256437e-01,7.395313e-01,7.586072e-01,7.072569e-01,8.957022e-01
9.148762e-01,6.143403e-01,9.844042e-01,8.622707e-01,3.727483e-01,9.592814e-01,7.091060e-01,8.710320e-01,7.400383e-01,8.102372e-01,3.199008e-01,1.497631e-02,5.855366e-01,1.771578e-01,2.028623e-01,2.734424e-01
6.509373e-02,8.650182e-01,3.306454e-01,2.134720e-01,1.605783e-01,8.556491e-01,1.097277e-01,9.795787e-01,6.894713e-01,1.720165e-01,8.485343e-01,2.236232e-01,6.031596e-01,4.130075e-02,7.709147e-01,8.740802e-01
6.821785e-01,9.974017e-01,4.088517e-01,1.139242e-01,8.585326e-01,3.659043e-01,5.595685e-01,4.384855e-01,3.301915e-01,8.644403e-03,6.008364e-01,8.019251e-02,6.391688e-01,4.056830e-01,5.208046e-02,3.170073e-02
8.879688e-01,1.602882e-01,8.078048e-01,7.853215e-01,6.654894e-01,6.663131e-01,6.263574e-01,8.614663e-01,7.615563e-01,4.720764e-02,2.911384e-01,8.572712e-01,1.762484e-01,5.142172e-01,3.963257e-01,8.908067e-01
8.349305e-01,6.073264e-01,9.990517e-01,2.071441e-01,2.094275e-01,1.751025e-01,5.221878e-01,6.033642e-01,4.562245e-01,9.902360e-01,9.188181e-02,1.519276e-02,5.039072e-01,4.960540e-01,9.518905e-01,8.905558e-01
3.239756e-01,1.534435e-01,5.042272e-01,6.701927e-01,1.147423e-01,8.492952e-01,9.871219e-01,1.281668e-01,5.041199e-01,7.841799e-01,4.497109e-01,2.169675e-01,6.854108e-01,9.018047e-01,4.702455e-01,6.611789e-01
5.021645e-01,3.662596e-01,2.178561e-01,7.500991e-01,8.036798e-01,8.539885e-01,7.456208e-02,5.333813e-02,3.837838e-01,4.455171e-01,2.173758e-01,1.043614e-01,1.596228e-01,9.460095e-01,6.873797e-01,8.512382e-01
2.884129e-01,4.029149e-01,3.178858e-01,7.900107e-01,1.297013e-01,9.180492e-01,8.242107e-01,7.817851e-01,6.927812e-02,9.183563e-01,3.411062e-01,6.274213e-01,5.503885e-02,3.969933e-02,8.607925e-01,1.553551e-01
7.741438e-02,2.390946e-01,8.353462e-01,2.621683e-01,2.157023e-01,4.213361e-01,7.285597e-01,2.903549e-01,9.501930e-01,7.331387e-01,6.650064e-01,3.341931e-01,9.957763e-02,7.822017e-01,2.238145e-01,3.029383e-01
6.459774e-01,3.508376e-01,2.374744e-01,2.645713e-01,5.087689e-01,5.320564e-02,7.182590e-01,1.478913e-01,4.064231e-02,2.798334e-02,5.318844e-01,1.327241e-01,3.110549e-01,8.616698e-01,2.288695e-01,2.510809e-01
6.133928e-01,3.911503e-01,9.972008e-02,2.632771e-01,6.939602e-02,9.274253e-01,6.467126e-01,8.813551e-01,5.271366e-01,1.788804e-02,7.419539e-01,3.683103e-01,2.749792e-01,1.836863e-01,9.250346e-01,3.973121e-01
8.708766e-01,3.873971e-01,7.665472e-01,3.715148e-01,3.510050e-01,7.973467e-02,1.900891e-01,3.309649e-01,6.441225e-01,5.682295e-01,5.019381e-01,6.181016e-01,3.611189e-01,6.529716e-01,6.993014e-01,8.700978e-01
1.991510e-01,9.184818e-01,2.425903e-01,2.408544e-01,8.750839e-01,6.383787e-01,4.110867e-01,6.660032e-01,9.294427e-01,1.440139e-02,7.547700e-01,7.050528e-01,2.799826e-01,8.168925e-01,1.454188e-01,5.951583e-01
3.792457e-01,8.050150e-01,1.828309e-01,9.499422e-01,8.035588e-01,4.829441e-01,7.802228e-01,7.705082e-02,6.055207e-01,9.718871e-01,9.771112e-01,6.995775e-01,8.170851e-01,2.119882e-01,1.967748e-01,8.847096e-01
1.118079e-02,7.597128e-01,5.059393e-01,2.037035e-02,6.897746e-01,7.938426e-01,3.715752e-01,8.128947e-01,3.220796e-01,8.424969e-01,6.996811e-02,5.234005e-01,9.456775e-01,1.053702e-01,2.257926e-02,8.817513e-02
1.291887e-01,1.055256e-01,3.377877e-01,1.076856e-01,7.093335e-01,2.444650e-01,4.798614e-01,5.276124e-01,4.627509e-01,7.863080e-01,8.893265e-01,3.954372e-01,5.192921e-01,1.633535e-01,9.376877e-01,2.198604e-01
5.330560e-01,9.190158e-01,6.398574e-01,6.828877e-01,9.792309e-01,6.494255e-01,8.886023e-01,7.624893e-01,3.656712e-01,8.628004e-01,5.835068e-01,3.925324e-01,1.186396e-01,3.010513e-01,2.201938e-01,7.582635e-01
5.392970e-01,1.094177e-01,5.106256e-01,3.266361e-01,6.893354e-01,5.293067e-01,5.569346e-01,6.773377e-01,6.942096e-01,3.392916e-01,2.481745e-01,7.582979e-01,1.226283e-01,3.299005e-01,2.863104e-01,9.976903e-01
3.756084e-02,3.800450e-01,3.280627e-01,1.269368e-01,9.204862e-01,3.494940e-01,7.574457e-01,6.452734e-01,8.313706e-01,2.338002e-01,7.438889e-01,2.942262e-01,5.659858e-01,1.154425e-01,6.088049e-01,2.182630e-02
2.887235e-01,6.411373e-01,7.021140e-01,8.552184e-01,5.323957e-01,8.300696e-02,5.343525e-01,3.004148e-01,2.310888e-01,8.349621e-01,2.543833e-01,8.733414e-01,1.944151e-03,9.110300e-01,3.609211e-01,8.708584e-01
8.697619e-01,5.817660e-01,4.836040e-01,8.734335e-01,8.697355e-01,8.436362e-01,7.534712e-01,9.515711e-01,5.945141e-01,7.253645e-01,5.497063e-01,4.055820e-01,4.237592e-01,9.890653e-02,3.482232e-01,3.021309e-01
2.328752e-01,2.219603e-01,6.456407e-01,1.074240e-01,1.131750e-01,4.549422e-01,4.496977e-01,5.843001e-01,4.639026e-01,4.098812e-01,3.318398e-01,1.161536e-01,9.696035e-01,8.773192e-01,8.329597e-02,8.519716e-01
8.106295e-01,8.389779e-01,6.906905e-01,4.689397e-01,6.045914e-01,5.433293e-01,9.187190e-01,2.516910e-01,7.189431e-01,8.094626e-01,9.239723e-01,8.202420e-01,7.962779e-01,2.433960e-01,4.763442e-01,8.513902e-01
7.770280e-01,4.287256e-01,2.434815e-01,5.021672e-01,9.378521e-01,9.242870e-01,4.744791e-01,5.521997e-01,1.135087e-01,5.688648e-01,4.678848e-01,3.686365e-02,9.917603e-01,8.585420e-01,5.795593e-01,5.512354e-01
4.026624e-01,2.793007e-01,7.894313e-01,9.955575e-02,7.435668e-02,6.833088e-01,1.045048e-01,6.469117e-01,9.325139e-01,3.015629e-01,2.066165e-02,2.152582e-01,3.840368e-01,9.971772e-01,8.575417e-01,9.191798e-01
5.018247e-01,6.731959e-01,8.965985e-01,4.664077e-01,6.346662e-03,8.599948e-01,4.081536e-01,3.423947e-01,6.423496e-01,3.494434e-03,8.600721e-01,4.756931e-01,8.839336e-01,6.843937e-01,2.827958e-01,6.955253e-01
5.462728e-01,5.311758e-01,4.439568e-01,4.926177e-01,1.295517e-01,1.625138e-01,7.763320e-01,3.747884e-01,6.297988e-01,6.215249e-01,8.497117e-01,2.420780e-01,6.796484e-02,4.938020e-01,1.831085e-01,9.980846e-01
1.517807e-01,3.176873e-01,8.374776e-02,9.446829e-01,1.986873e-01,5.297616e-01,5.398106e-01,8.956965e-02,7.646676e-01,1.898565e-01,3.852850e-01,8.606143e-01,7.643020e-01,1.660327e-03,7.174553e-03,4.133376e-02
6.277357e-01,6.554461e-01,8.739300e-01,7.013456e-02,8.760349e-01,3.273245e-01,1.129048e-01,1.682398e-01,7.296220e-01,7.063752e-01,3.761876e-01,2.131900e-01,6.886907e-01,6.774258e-01,5.684568e-01,5.178097e-01
4.017657e-01,8.830621e-01,3.492387e-01,8.018675e-01,1.217485e-01,4.823034e-02,2.885444e-01,1.224143e-01,5.887267e-01,8.379642e-01,7.958945e-01,9.867767e-01,1.616840e-01,5.167477e-01,7.207949e-01,6.533626e-01
9.064965e-01,7.089268e-01,7.692783e-01,6.923065e-01,6.776762e-01,6.875746e-01,8.409061e-01,8.792822e-01,5.868268e-01,9.847010e-01,2.644700e-01,5.279747e-01,7.077904e-01,2.159345e-01,1.583753e-01,9.653787e-01
1.676879e-01,4.964198e-01,9.468523e-01,2.543895e-01,5.230640e-02,5.336610e-02,3.392680e-01,8.742062e-01,3.910599e-01,2.211165e-01,3.609360e-01,2.159517e-02,9.906245e-01,6.992594e-01,2.152190e-01,5.915550e-01
7.672559e-01,2.234872e-01,1.494751e-01,5.610897e-01,6.883663e-01,7.783408e-01,7.341080e-01,5.607095e-01,9.128765e-03,7.702732e-01,5.220185e-01,3.315666e-01,1.309550e-01,7.415735e-01,1.480620e-01,2.324926e-01
2.712798e-01,6.406496e-01,9.101050e-01,1.812222e-01,6.534037e-01,1.002287e-01,6.677000e-01,3.151588e-01,8.581552e-01,4.350368e-01,9.760055e-01,9.455200e-01,2.238230e-01,9.185500e-01,3.796281e-02,2.164761e-01
5.438974e-01,4.145547e-01,4.751060e-01,8.632056e-01,4.732315e-01,4.199428e-02,4.334546e-01,2.807114e-01,6.594351e-01,8.733358e-01,6.199268e-01,6.804268e-01,9.503744e-01,8.813397e-01,6.399123e-01,2.638128e-01
3.887478e-01,4.562177e-01,6.451541e-01,2.789392e-01,3.222055e-01,6.792074e-01,3.937027e-01,6.314131e-01,8.358015e-02,5.247315e-01,1.925048e-01,1.470071e-01,6.383973e-01,8.726755e-01,9.753398e-01,3.507923e-01
2.162674e-01,8.924175e-01,8.548507e-01,9.764587e-01,2.298178e-01,5.483440e-01,6.354819e-02,8.907892e-01,8.398991e-02,2.526349e-02,7.586224e-01,4.345612e-01,1.844369e-01,7.251413e-01,7.691269e-01,6.927727e-02
2.197136e-01,8.045745e-01,4.860925e-01,2.487762e-01,5.206565e-01,1.595179e-01,8.694033e-01,1.030501e-01,8.963132e-01,1.323218e-01,6.161519e-01,3.197895e-01,9.744792e-01,2.200304e-01,5.911229e-01,6.149142e-01
2.152743e-01,8.691622e-01,5.067924e-01,6.988518e-01,8.377990e-01,6.135321e-01,4.798275e-01,9.212609e-01,8.610032e-01,2.781175e-01,3.067628e-01,2.106542e-01,1.048051e-01,6.481168e-01,4.328136e-02,3.571815e-01
8.114970e-01,6.144002e-02,1.051314e-01,2.915521e-01,6.329752e-01,1.355739e-01,8.019924e-01,2.568227e-01,4.360653e-01,7.846771e-01,1.822582e-01,4.733789e-01,7.787900e-01,8.247248e-01,8.862795e-02,1.043186e-01
3.280409e-01,4.979567e-01,1.042798e-01,2.442188e-01,7.181935e-01,5.319802e-01,8.232781e-01,4.206280e-01,6.242664e-01,5.680550e-01,8.038676e-01,8.658722e-01,2.686562e-01,4.163272e-01,2.799374e-01,5.744527e-01
9.884116e-01,9.522599e-01,9.476188e-02,8.825830e-01,5.513602e-01,3.588815e-01,3.922069e-01,4.272440e-02,5.909447e-01,5.672443e-01,8.294183e-01,1.220359e-01,6.838262e-01,6.313994e-01,5.894875e-02,9.704004e-01
8.824788e-01,1.949204e-01,3.835235e-01,2.631241e-01,4.530098e-01,8.908540e-01,9.634276e-01,9.240654e-01,6.960709e-01,2.802194e-01,9.504966e-01,6.564273e-01,4.205151e-01,1.720313e-01,2.533345e-01,2.275086e-01
5.887235e-01,2.378214e-01,2.749175e-01,6.984338e-01,1.148959e-01,1.443291e-01,1.183759e-01,3.845931e-01,1.403089e-01,8.198810e-01,5.272577e-01,9.109752e-02,6.600298e-01,6.810615e-01,8.386028e-01,6.031037e-01
7.209582e-01,6.960355e-01,9.196880e-01,4.168057e-02,9.629355e-01,6.357511e-01,5.387472e-01,9.971503e-01,1.713342e-01,3.612444e-01,7.307796e-01,8.954235e-01,7.645042e-01,8.061384e-01,3.739244e-01,9.589596e-01
4.462976e-01,9.231650e-02,3.584271e-02,6.449921e-01,3.672603e-01,8.023830e-01,6.850415e-01,8.469295e-01,4.352601e-01,9.275701e-01,2.580751e-01,2.161392e-01,5.039184e-02,2.007308e-01,7.916083e-01,9.846990e-01
1.256951e-01,9.949995e-01,2.617287e-01,8.918461e-01,7.975605e-01,1.976602e-01,6.624160e-01,4.063129e-01,8.389240e-01,6.455710e-01,1.556854e-02,2.873435e-03,8.314458e-01,5.772243e-01,1.923241e-01,6.909722e-01
2.700201e-01,6.217798e-01,6.533143e-02,4.846072e-01,2.355349e-01,4.589448e-01,9.042004e-01,8.158507e-01,6.843947e-01,3.191185e-01,7.313573e-01,8.496921e-01,6.467819e-01,1.629436e-01,7.291710e-01,7.412565e-01
3.057326e-02,2.900980e-02,5.736860e-01,8.819966e-02,8.213944e-02,9.282500e-01,9.211929e-02,6.191109e-01,9.726990e-01,1.615259e-01,8.052919e-01,8.512778e-01,4.948847e-01,1.669390e-01,7.553575e-01,1.269014e-01
4.748494e-01,4.858927e-01,6.952684e-01,4.383459e-01,7.949849e-01,2.441771e-01,1.396283e-01,8.046266e-01,9.767201e-01,9.188778e-01,4.568483e-01,6.032238e-01,1.981232e-01,3.504001e-01,6.428329e-01,9.833962e-01
7.245073e-01,1.733673e-01,4.840220e-01,8.563328e-01,3.681460e-01,1.178361e-01,8.605309e-01,2.227935e-01,4.503995e-01,7.709532e-01,7.243777e-01,9.929595e-01,8.764170e-01,5.870606e-03,8.437245e-02,5.635888e-01
1.289590e-01,2.266037e-01,3.315583e-01,9.623406e-01,2.318530e-01,4.981833e-02,3.554763e-01,8.838579e-01,1.360175e-01,2.097362e-01,2.857626e-01,5.971003e-01,4.003891e-01,4.292097e-01,6.492157e-01,1.152855e-01
4.750482e-01,1.049843e-02,2.302947e-01,6.111349e-01,5.763964e-01,2.603657e-01,8.900433e-01,8.995054e-01,2.013744e-01,3.154014e-01,8.238585e-01,3.223269e-01,2.539789e-01,5.246104e-01,4.489607e-02,3.002736e-01
5.341823e-01,3.342918e-01,4.251609e-01,7.355341e-01,7.904437e-01,4.974190e-01,1.336448e-01,4.494740e-01,4.890021e-01,9.157899e-01,9.896653e-01,9.664068e-01,9.156868e-01,7.841559e-01,2.845661e-01,7.379049e-01
5.262274e-01,6.160360e-01,5.027414e-01,1.602560e-01,8.232614e-01,3.927653e-01,8.619895e-04,6.967579e-01,2.222203e-01,1.488933e-01,9.809870e-01,5.009040e-01,1.543775e-01,9.173176e-01,4.044158e-01,4.941123e-01
1.091604e-01,8.282175e-01,6.196075e-01,6.959305e-01,5.142494e-01,8.743171e-01,7.233370e-01,5.163455e-01,5.860679e-02,2.502145e-01,3.478282e-01,4.626457e-01,1.360393e-01,8.099150e-01,7.805211e-01,9.481722e-01
3.586321e-01,6.017111e-01,7.776076e-01,9.920615e-01,5.424642e-01,2.486798e-01,3.833437e-01,1.057875e-01,9.330313e-02,4.712683e-01,5.767167e-01,7.853160e-01,7.294372e-02,9.817466e-01,6.540503e-01,8.156912e-01
8.539742e-03,2.583745e-01,1.128192e-02,1.149661e-01,5.809994e-02,7.427650e-01,8.363414e-01,7.221816e-01,2.283160e-01,1.781432e-01,4.557423e-01,6.696709e-01,6.818062e-01,7.631388e-01,3.148991e-01,2.216332e-01
3.028598e-01,7.298378e-01,2.348758e-01,6.032219e-01,2.469141e-01,2.527588e-01,1.178366e-01,1.156774e-01,9.364155e-02,9.679280e-01,5.109906e-01,3.113662e-01,8.373103e-02,9.942313e-01,2.013194e-01,5.186716e-01
3.676737e-01,2.452272e-01,9.784972e-01,4.996330e-01,4.823577e-01,7.003658e-02,7.680800e-01,5.095598e-01,5.516209e-01,8.115907e-01,3.216206e-01,6.766422e-01,3.024610e-01,2.269866e-01,8.802093e-01,4.371266e-01
6.936666e-02,4.003166e-01,7.573789e-01,7.049745e-01,8.977576e-02,6.513959e-02,9.876849e-01,8.793551e-01,1.758755e-01,6.356541e-01,9.689742e-01,5.472454e-01,5.458605e-01,2.003498e-01,6.196650e-01,6.447283e-02
1.210378e-01,7.096232e-01,8.651609e-01,2.400719e-01,8.988742e-02,4.093619e-01,4.836948e-01,5.672398e-01,2.020229e-01,9.086592e-01,1.279810e-01,4.643602e-01,6.085738e-01,2.672472e-01,5.271522e-01,8.088463e-01
8.192666e-01,3.675703e-01,5.374242e-01,9.149283e-01,9.252190e-01,9.696261e-01,1.774159e-02,2.406045e-01,6.968728e-01,1.915034e-01,9.086846e-01,7.203906e-01,1.650010e-01,4.736468e-01,9.046348e-02,6.694507e-01
7.346075e-01,1.940252e-01,3.306588e-01,8.914144e-01,8.326798e-01,6.190252e-01,1.548874e-01,6.489030e-01,6.696490e-02,9.082821e-01,1.934604e-02,2.112922e-01,8.761987e-01,7.456633e-01,5.919621e-01,9.867645e-01
5.116555e-01,3.718559e-01,2.256720e-01,9.716718e-01,8.767960e-01,1.288993e-01,9.810302e-01,5.883704e-01,2.330630e-01,1.367128e-01,1.444148e-01,9.272973e-01,1.135467e-01,4.452751e-01,3.302339e-01,3.288777e-01
8.773241e-01,5.528626e-01,3.236388e-02,8.231322e-01,8.636804e-01,7.270011e-01,2.716206e-01,9.924518e-01,3.933027e-01,8.813864e-01,4.049028e-01,2.462093e-03,6.402364e-01,2.311220e-01,5.722098e-01,2.209009e-01
5.823215e-01,9.096793e-01,5.256616e-01,9.597869e-01,8.398577e-01,4.587963e-01,8.771367e-02,3.264803e-01,3.507043e-01,5.133091e-02,3.275054e-01,6.155694e-01,3.099969e-02,4.883301e-01,9.350897e-01,2.645415e-01
4.404194e-01,3.988788e-01,7.765754e-03,5.450611e-01,3.086376e-02,3.258090e-01,6.101819e-01,8.613944e-01,8.830143e-01,2.956128e-01,2.294968e-01,4.067804e-01,6.211667e-02,2.136288e-01,8.683170e-01,1.627338e-01
2.564996e-01,9.362752e-01,4.161966e-01,6.009074e-01,5.788384e-01,9.329299e-01,5.738187e-01,1.426967e-01,6.244893e-01,7.261454e-02,2.433643e-01,7.884593e-01,6.310772e-02,1.917767e-01,1.762991e-01,8.589838e-01
7.403431e-01,1.799682e-01,5.600205e-01,7.170765e-02,3.815959e-01,7.232104e-01,9.419664e-01,6.848626e-01,4.968541e-02,9.957113e-01,2.887887e-01,3.170460e-01,1.373406e-01,3.135859e-01,4.814154e-01,8.575112e-01
6.242315e-01,4.280004e-01,2.374633e-02,4.686909e-01,8.042318e-01,2.240944e-01,5.080720e-01,2.655967e-01,5.756343e-01,7.768337e-01,5.083908e-01,8.558146e-01,9.746279e-01,1.286535e-01,3.165461e-02,4.644705e-01
2.690820e-01,9.603449e-01,2.781458e-01,6.907561e-01,8.193840e-01,4.228849e-01,8.264439e-01,3.292632e-02,4.839717e-01,7.003036e-01,5.471608e-01,5.198668e-01,3.686607e-01,5.590609e-01,5.066341e-01,2.239455e-02
7.745990e-02,9.495134e-02,8.012379e-01,3.766394e-01,3.198929e-01,5.186022e-01,2.653362e-01,5.173467e-01,2.269215e-01,2.302805e-01,4.067821e-01,3.326338e-02,5.992092e-02,8.763422e-01,9.055634e-01,3.635084e-01
1.341789e-01,9.758552e-01,5.956346e-01,1.545552e-01,2.446564e-01,8.166532e-01,1.534807e-01,9.807633e-01,6.576387e-01,3.870357e-01,3.950424e-01,5.043944e-01,9.991772e-01,9.714229e-01,9.888533e-01,8.818621e-01
9.176810e-01,5.070861e-01,6.304848e-01,6.063614e-01,8.492014e-02,7.245826e-01,1.092635e-01,5.476615e-01,4.623664e-01,3.078933e-01,1.577442e-01,3.147830e-01,6.217339e-01,1.228547e-01,6.269717e-01,3.843420e-01
9.084095e-01,8.214704e-01,7.175918e-02,1.412602e-01,4.461443e-01,1.908268e-01,5.492244e-01,2.296284e-01,5.732667e-01,5.154784e-01,8.659597e-01,3.933336e-02,6.999865e-01,5.172806e-01,2.202363e-01,3.437175e-01
3.247589e-01,6.565023e-01,4.317373e-01,1.770833e-01,8.420220e-01,6.936423e-01,9.883440e-01,3.966953e-01,7.157478e-01,8.904875e-01,3.014117e-01,5.736284e-01,5.309210e-02,4.112356e-01,9.124730e-01,5.515268e-01
9.274738e-01,1.131977e-01,4.769267e-01,4.897113e-01,3.714525e-01,9.849092e-02,4.777223e-01,7.252469e-01,1.946535e-01,8.668848e-01,4.250911e-01,5.265430e-01,9.620223e-01,7.217026e-01,6.597036e-01,2.027794e-01
