2.017216e-01,3.317071e-01,8.222343e-01,6.537793e-01,7.218275e-01,5.678976e-01,6.159950e-01,7.159754e-01,1.402390e-01,2.907178e-01,3.426294e-01,3.051694e-01,4.501534e-01,6.611868e-01,6.680034e-02,6.299558e-02,2.903133e-01,7.042770e-01,8.519904e-01,4.895859e-01,6.322844e-02,7.851098e-01,8.669546e-01,7.401907e-02,6.560627e-02,3.591471e-01,5.238310e-01,8.508300e-01,7.764499e-01,5.192134e-01,6.533763e-01,7.568577e-01,7.893688e-01,6.981099e-01,6.608864e-01,3.611373e-01,2.877486e-01,1.627287e-01,8.616550e-02,5.998042e-01,5.449121e-01,4.618252e-01,4.970291e-01,7.371137e-01,3.732860e-01,3.500878e-01,6.498001e-01,3.275515e-01,2.076101e-01,5.359578e-01,8.343571e-01,9.967119e-01,9.939635e-01,7.899096e-01,7.132569e-01,9.659376e-01,5.120752e-01,3.750702e-01,1.948811e-01,4.701584e-01,7.968450e-02,1.796942e-01,3.554263e-01,9.319184e-01,1.710550e-01,7.265442e-01,6.484218e-01,7.117942e-02,9.444878e-01,6.917094e-02,3.948961e-01,1.609029e-01,5.012974e-01,6.480885e-02,9.286296e-02,4.574039e-01,2.415529e-01,1.512431e-01,9.410095e-01,4.500506e-01,8.725544e-01,9.968496e-01,5.888603e-01,6.732162e-01,4.627215e-01,6.505036e-01,5.097809e-01,5.669277e-01,1.383498e-01,6.004474e-01,1.239775e-01,6.353477e-02,8.626029e-01,9.671326e-01,5.729964e-01,6.786779e-02,9.925215e-01,3.513175e-01,1.546434e-01,4.929830e-01,1.325615e-01,6.642726e-01,7.401446e-01,9.199891e-01,3.853769e-02,4.823589e-01,3.776149e-01,5.836064e-01,6.987081e-01,4.593485e-01,3.326736e-01,8.524568e-01,5.702197e-01,2.518768e-03,5.198176e-02,5.370258e-01,2.240421e-02,9.752389e-01,7.072843e-01,4.604276e-02,8.389002e-01,6.193531e-01,4.024269e-01,7.800880e-02,7.956271e-01,4.873888e-01,7.741235e-01,9.264637e-01,9.077974e-01,2.792147e-02,7.793211e-02,5.506763e-03,9.017109e-01,6.715541e-01,1.071826e-01,8.784465e-01,4.153164e-01,3.238606e-01,6.512935e-01,1.197792e-01,9.042462e-01,3.501509e-01,6.702212e-01,3.211426e-01,2.691764e-01,1.814145e-01,6.685929e-01,1.495725e-01,3.232891e-01,4.719197e-02,7.108104e-02,2.252473e-01,8.026744e-01,1.086383e-01,1.307414e-01,2.400011e-01,4.197078e-01,1.348127e-01,8.228602e-01,8.310926e-01,1.944630e-01,5.773413e-01,2.365763e-01,5.574427e-02,3.916301e-01,2.453080e-01,3.724818e-01,3.129761e-01,6.198544e-01,5.469501e-01,2.566159e-01,5.053198e-01,7.612852e-01,5.336027e-01,9.301196e-01,4.492389e-01,8.984133e-01,6.836979e-01,3.927709e-01,1.024368e-02,1.801842e-01,5.112705e-01,8.208223e-01,4.183852e-01,7.017276e-01,9.634985e-01,8.660752e-01,4.041871e-01,1.184688e-01,2.438516e-01,4.839656e-01,7.084567e-01,1.979579e-01,8.999602e-01,8.349468e-01,8.500937e-01,6.286334e-01,7.449140e-01,9.096006e-01,2.165965e-01,3.630969e-01,1.857842e-01,5.501955e-01,1.273893e-01,7.061821e-01,6.899960e-01,2.685769e-01,1.374684e-02,5.832286e-01,3.349815e-01,5.205351e-01,8.502551e-01,9.074970e-01,7.797393e-01,9.912633e-02,7.839012e-02,8.935986e-01,2.074223e-01,1.436020e-01,6.265968e-01,8.184872e-01,4.740176e-01,8.894331e-01,3.810789e-01,1.448748e-01,7.785028e-01,3.036506e-01,9.894754e-01,4.910712e-01,5.188789e-01,7.866201e-01,2.083005e-01,9.441428e-01,3.913948e-01,9.498436e-01,5.092251e-01,2.706203e-01,8.117807e-01,5.675254e-01,8.327965e-01,3.433973e-01,9.024378e-01,7.614894e-01,4.833543e-01,6.902010e-01,4.010382e-01,1.862946e-01,7.978210e-01,5.673684e-01,5.251554e-01,9.985815e-01,1.791693e-01,5.297898e-01,3.523746e-01,1.619619e-01,3.172928e-01
9.082650e-01,4.670787e-01,4.916584e-01,9.614893e-01,5.206953e-01,5.599407e-01,5.548953e-01,6.951064e-01,4.265419e-01,2.355177e-01,2.191671e-01,2.551044e-02,1.884529e-01,8.523784e-01,8.248844e-01,8.204233e-01,4.510976e-01,8.222747e-01,5.321182e-01,2.264432e-01,7.631465e-01,9.992873e-01,1.847555e-01,3.618630e-01,9.280609e-02,8.718327e-01,1.910375e-01,4.722514e-01,4.575433e-01,2.199164e-01,5.256301e-01,8.633824e-01,2.997026e-01,6.770717e-01,1.119450e-01,7.459098e-01,5.892599e-01,3.906196e-01,9.120631e-01,8.216918e-02,4.543150e-02,2.203631e-01,7.053372e-01,6.667042e-01,5.393783e-01,1.767631e-01,6.676873e-01,4.319827e-01,6.596735e-01,6.728390e-01,5.557247e-01,1.181885e-01,4.957826e-01,7.383070e-01,2.959900e-01,1.582709e-01,1.552795e-01,6.411045e-01,3.481271e-01,1.355882e-01,4.511095e-01,8.023490e-01,1.804931e-01,1.297101e-01,6.997481e-01,2.504214e-01,5.163601e-01,3.743260e-01,1.412830e-01,7.565393e-01,5.093113e-02,2.382548e-01,7.690119e-01,7.845626e-01,3.560663e-01,9.163855e-01,8.611041e-01,3.656613e-01,5.749752e-01,1.137439e-02,4.057220e-01,7.340883e-01,7.131050e-01,2.456888e-01,2.028056e-01,2.961146e-02,9.552413e-01,1.849719e-01,6.883210e-01,3.823115e-01,9.466115e-02,8.676288e-01,2.125976e-01,6.216312e-01,7.764882e-01,3.136020e-01,1.625180e-02,8.000037e-01,3.460129e-01,7.303574e-01,5.603719e-01,6.496457e-01,2.474575e-01,2.624980e-01,7.073213e-01,3.224728e-01,6.328238e-01,9.296003e-01,1.610907e-01,9.163054e-02,1.088760e-01,6.380985e-01,2.511037e-01,3.356793e-01,2.849384e-01,6.857650e-01,9.478501e-01,3.664784e-01,5.057944e-01,8.638811e-01,3.584040e-01,2.134984e-01,1.599291e-01,6.459027e-01,1.098820e-01,3.863738e-01,4.199525e-01,8.593567e-02,4.901804e-01,2.038452e-01,7.097473e-01,6.631615e-01,3.002532e-02,5.086372e-01,3.957750e-01,2.618306e-01,8.149352e-01,4.333424e-01,5.224695e-01,6.850259e-01,2.430795e-01,3.142389e-01,7.954609e-01,8.614351e-01,5.951221e-01,1.873635e-01,6.059686e-01,4.738897e-02,7.240699e-01,3.505667e-01,6.096724e-01,9.679301e-01,9.539989e-02,1.141161e-01,7.861092e-01,5.455283e-01,8.358757e-01,4.319349e-01,1.113448e-01,2.017141e-01,9.187065e-01,5.523357e-01,2.829626e-01,3.928906e-01,9.768667e-01,1.493761e-02,6.341407e-01,3.683548e-01,1.102036e-01,1.088282e-01,3.375993e-02,8.893689e-01,1.049550e-01,6.287121e-03,2.087274e-01,8.930860e-01,9.223696e-01,3.791021e-01,6.934368e-01,3.242412e-01,5.782353e-01,6.341953e-01,2.705980e-01,7.603762e-01,3.777874e-01,6.104192e-01,6.917837e-01,4.509274e-01,8.647264e-01,6.415533e-01,8.583294e-02,8.231898e-02,8.171873e-01,5.744215e-02,1.144190e-01,9.190383e-01,6.761302e-01,2.561228e-01,2.471958e-01,8.729970e-01,6.371513e-01,5.302124e-01,4.881943e-01,2.117111e-01,9.608778e-01,9.097035e-01,2.289513e-01,3.741682e-01,4.440220e-01,1.458446e-01,1.558520e-02,5.492251e-01,4.656167e-01,9.416766e-01,6.030940e-01,1.955905e-01,4.472531e-01,3.066782e-01,8.680221e-01,9.392225e-01,8.044122e-01,9.827783e-01,4.070723e-01,5.051876e-01,9.895826e-01,9.511990e-01,3.865592e-01,8.738974e-01,8.314585e-01,5.820545e-01,1.127305e-01,9.356416e-02,8.422444e-01,6.237353e-01,3.254549e-01,1.689927e-01,2.872212e-01,1.550650e-01,2.732908e-01,2.575134e-01,5.323097e-01,4.755828e-02,4.476905e-02,7.614858e-01,9.102194e-01,8.041138e-01,5.012567e-01,6.177468e-01,7.258259e-01,1.671669e-01,1.659015e-01,6.430501e-01,1.416419e-01,3.643403e-01,8.784817e-01,4.676911e-02
9.348418e-01,7.425370e-01,7.503302e-01,8.025877e-01,3.365639e-02,7.380586e-01,1.566345e-01,4.752004e-02,7.146491e-01,1.260103e-01,8.710673e-01,3.395875e-01,1.702910e-02,5.014922e-01,7.004906e-01,7.781422e-01,7.321907e-01,2.491261e-01,1.143874e-01,9.425182e-01,6.835817e-01,2.084693e-01,8.127983e-02,2.418218e-01,1.235319e-01,9.328391e-01,7.076428e-01,8.477491e-01,6.546311e-01,5.529067e-01,8.972260e-01,2.909390e-02,8.597785e-01,3.770362e-02,2.583877e-01,4.157288e-01,5.260086e-01,1.442257e-01,3.268821e-01,2.782190e-01,5.068051e-01,2.052450e-01,4.500600e-01,2.527255e-01,8.331354e-01,7.078343e-01,2.569256e-01,7.081058e-01,4.735747e-01,5.688665e-01,8.441608e-01,7.686944e-02,2.706649e-01,3.901444e-01,3.029178e-01,1.694687e-01,3.294264e-01,4.129060e-01,2.777255e-01,1.466153e-01,7.861000e-01,4.457769e-01,9.765211e-01,8.931431e-02,9.158582e-01,4.928970e-02,8.692656e-01,3.436598e-01,1.360092e-01,1.205021e-01,2.623309e-01,3.394819e-01,1.501967e-01,9.763051e-02,2.874383e-01,3.150812e-01,5.048893e-01,1.506472e-01,1.260531e-01,5.040738e-01,2.646055e-01,2.780282e-01,7.911399e-01,5.103586e-01,2.027231e-01,4.021294e-01,4.795253e-01,2.590304e-01,2.308133e-01,2.594352e-01,5.701223e-01,1.175661e-01,1.831143e-01,9.825260e-01,9.596106e-01,6.562515e-01,4.253624e-01,2.239296e-01,3.557067e-01,7.664072e-01,9.844006e-02,7.619157e-01,1.698619e-01,2.972275e-01,2.293213e-01,3.753412e-01,4.594952e-01,3.469183e-01,6.463281e-01,9.814723e-01,3.453537e-01,7.916290e-02,8.908885e-01,1.099444e-01,6.853891e-01,5.184068e-01,5.563133e-01,5.114894e-01,9.569508e-01,3.693423e-01,3.476437e-01,7.778861e-01,1.785153e-01,5.543779e-01,9.772519e-01,4.789759e-01,5.158072e-01,3.554576e-01,1.712461e-02,6.357416e-01,2.112579e-01,6.797701e-01,9.387752e-03,2.154797e-01,5.097838e-01,9.883511e-01,7.996959e-01,2.252067e-01,2.429156e-01,4.609217e-01,3.293611e-01,2.967925e-01,1.273231e-01,9.139641e-02,4.714333e-01,1.090603e-01,9.058345e-02,2.428499e-01,8.835224e-01,6.307498e-01,3.680072e-01,1.793112e-01,1.149981e-01,3.685151e-01,4.177237e-01,6.711680e-01,7.264718e-01,3.500311e-01,5.975842e-02,4.830907e-01,9.227515e-01,4.414656e-01,9.542425e-01,4.057063e-01,3.739424e-01,2.943304e-01,1.016528e-01,8.622518e-01,6.259470e-01,7.507898e-01,8.260499e-01,6.866959e-01,2.201417e-01,4.607616e-02,6.774443e-02,7.132433e-01,7.320956e-01,8.422730e-01,3.016735e-01,3.379910e-01,4.446540e-01,8.435326e-01,7.773472e-02,6.761446e-01,5.539368e-01,3.362803e-01,3.179753e-01,3.754502e-01,5.013909e-02,9.160496e-01,5.089715e-01,9.374191e-01,3.036353e-01,6.176201e-01,9.996278e-01,3.018981e-01,4.805304e-01,8.994881e-01,3.065459e-01,8.378341e-01,4.917004e-01,7.319699e-01,8.833815e-01,4.540233e-01,5.270467e-01,9.038182e-01,3.488315e-01,5.763296e-01,2.358751e-01,3.969349e-01,4.202519e-01,4.384812e-02,3.586962e-01,7.897369e-02,8.095886e-01,1.828821e-01,9.571856e-01,4.141092e-01,8.295339e-01,7.464317e-01,9.851406e-03,3.906243e-01,4.079904e-01,1.556511e-01,4.367972e-01,6.060767e-01,9.285823e-01,5.075405e-01,6.683608e-01,9.619628e-01,5.363505e-01,6.979602e-01,3.275874e-01,8.422751e-02,5.064450e-01,2.140979e-01,7.687090e-01,1.308306e-01,7.576455e-01,2.864636e-01,4.039434e-01,1.653068e-01,1.910960e-01,6.440587e-01,2.367114e-01,7.042794e-01,6.151775e-01,5.448188e-01,5.648656e-01,5.289665e-01,8.992036e-01,2.124069e-01,9.691550e-01,4.546975e-01,7.857755e-01,5.004895e-02
6.366678e-01,3.897171e-01,1.914333e-01,5.407433e-01,7.360836e-01,2.630728e-01,9.161311e-01,1.769965e-01,8.200327e-01,2.098898e-01,2.880803e-01,3.346580e-01,3.083899e-01,8.786980e-01,3.514963e-01,8.999330e-01,3.843824e-01,8.882215e-01,6.661801e-01,2.838494e-01,3.218523e-01,6.577868e-02,5.105161e-01,7.043437e-01,4.761136e-01,7.532314e-01,3.706714e-01,2.078517e-01,3.599836e-01,1.964008e-03,1.122822e-01,5.352222e-01,6.644678e-01,9.332381e-01,2.509825e-01,3.988715e-01,6.905470e-01,8.900538e-02,6.052947e-01,5.606122e-01,6.996982e-01,5.458451e-01,8.157277e-01,2.953687e-03,2.543510e-01,9.320555e-01,4.250339e-01,9.454915e-01,6.747772e-01,6.604952e-01,2.690797e-01,4.965287e-03,6.724566e-01,5.794823e-01,4.130923e-01,4.941547e-01,5.033923e-01,4.949340e-01,3.027946e-01,1.942763e-01,6.980651e-02,7.645328e-01,7.060211e-01,9.152074e-01,8.714057e-01,8.068043e-01,2.636182e-02,6.091898e-01,7.576449e-01,5.575990e-01,1.294363e-01,1.288965e-01,2.648056e-02,9.102893e-01,9.359026e-02,9.195032e-01,6.405043e-01,6.871800e-01,8.547128e-01,6.336301e-01,3.238639e-01,3.503506e-01,6.388784e-01,3.142091e-01,1.643052e-02,8.496798e-01,3.617406e-03,8.994804e-01,4.861188e-01,2.002048e-01,9.987105e-01,3.177869e-01,7.690917e-01,1.960426e-01,1.237873e-01,5.546210e-01,1.050825e-01,1.876517e-01,2.768316e-01,5.811155e-01,1.985933e-01,5.618886e-01,3.563932e-01,4.576209e-01,9.971797e-01,2.186566e-02,4.469932e-01,7.511364e-01,7.670183e-01,8.813288e-01,8.192548e-01,1.605258e-02,7.301698e-01,8.281625e-01,4.895159e-01,4.588197e-01,1.399910e-01,7.721525e-01,5.424931e-01,7.393235e-01,5.222318e-01,1.149790e-02,6.090746e-01,4.309901e-01,5.453490e-01,6.346222e-01,5.891563e-01,8.923092e-02,1.661162e-01,1.505148e-01,6.546105e-01,4.817587e-01,6.449767e-01,3.141435e-01,3.389600e-01,8.019773e-01,7.232369e-01,5.152253e-01,2.978290e-01,2.666519e-01,7.756973e-01,5.776091e-01,5.503797e-01,5.141462e-02,9.698876e-01,7.610752e-01,6.275139e-01,9.971296e-01,1.736230e-01,7.170870e-02,3.443864e-01,2.394136e-01,6.548552e-01,7.848404e-01,5.272389e-02,9.857556e-01,1.313275e-02,7.140765e-01,8.933772e-01,5.118116e-01,8.139852e-01,9.546537e-01,6.650267e-01,9.680142e-01,2.736544e-01,6.942335e-01,8.992775e-01,4.546247e-01,3.491212e-01,2.380726e-01,1.077404e-01,3.175902e-01,6.944566e-01,9.437823e-01,8.013624e-01,5.147043e-02,9.704821e-01,7.968249e-01,1.209425e-01,4.072727e-01,6.620526e-01,1.797582e-03,2.196456e-01,3.006424e-01,5.708180e-01,7.432829e-01,2.512878e-02,2.105897e-01,8.821961e-01,9.727355e-01,8.375948e-02,9.073618e-01,8.198434e-01,6.799523e-01,1.880070e-01,4.009628e-02,7.527159e-01,5.977543e-01,8.034519e-01,3.396964e-01,8.824216e-01,9.099073e-02,8.866581e-01,1.721314e-01,9.547631e-01,5.115873e-01,1.822996e-01,5.724563e-02,3.912012e-01,4.512125e-01,1.747791e-01,6.690828e-02,3.125605e-01,8.294701e-01,8.587977e-02,5.189965e-02,6.946273e-02,5.850212e-01,6.669879e-01,2.472788e-01,7.504981e-01,7.572405e-01,1.049311e-01,4.763941e-01,5.782335e-01,6.742553e-01,5.068091e-01,7.888534e-01,5.916543e-01,5.850092e-01,7.028103e-01,7.562161e-01,9.150477e-01,7.952918e-01,5.696430e-01,9.118800e-01,3.614637e-02,6.134546e-01,9.202527e-01,7.431688e-02,2.284844e-01,2.442618e-01,2.480900e-01,9.680461e-02,6.563838e-01,2.400612e-01,1.033547e-01,2.755752e-01,7.361822e-01,1.052502e-01,3.052284e-01,1.480589e-01,3.703272e-01,2.025687e-01,9.037110e-01,3.131417e-05
9.970070e-01,5.561797e-01,7.283450e-01,8.953509e-01,6.850275e-02,2.378517e-01,3.385540e-01,3.905470e-01,9.078761e-01,2.314403e-01,3.283521e-02,1.984467e-01,4.610684e-01,1.417747e-01,5.469764e-01,3.764364e-01,5.011216e-03,4.195039e-01,5.597532e-01,5.026884e-01,6.783668e-01,2.877770e-01,2.970998e-01,7.303969e-01,4.087079e-01,7.076477e-01,5.020743e-01,1.326254e-01,7.761262e-01,4.594519e-02,3.363609e-01,1.727762e-01,4.195930e-01,7.804003e-02,7.466129e-01,4.794758e-01,6.211288e-01,1.861588e-01,4.220393e-01,5.005344e-01,4.794669e-01,9.744252e-01,9.503381e-01,9.069549e-02,3.113845e-01,5.454552e-01,3.982716e-01,6.405153e-01,6.968641e-01,3.069785e-01,3.767690e-01,6.811202e-01,8.094025e-02,1.151796e-01,1.963392e-01,5.303207e-01,5.286796e-01,7.587507e-01,1.207730e-01,5.188773e-01,8.688415e-01,4.742193e-01,5.730492e-01,3.289940e-01,8.602838e-01,2.177511e-01,1.304417e-01,5.236061e-01,9.421980e-01,4.326466e-01,3.034767e-01,9.988716e-01,5.031553e-01,8.107838e-01,2.696338e-01,5.734637e-01,1.030895e-01,9.527939e-01,9.884891e-01,1.901955e-01,9.169149e-01,3.865865e-01,7.241403e-01,1.109500e-01,9.374611e-01,7.562574e-01,8.966110e-01,8.413243e-01,2.095239e-01,6.236560e-01,2.587480e-01,8.167558e-01,2.336722e-01,5.839945e-01,3.813066e-01,8.187479e-01,2.063294e-02,2.096572e-01,8.956011e-01,7.330787e-01,4.617955e-01,4.424561e-01,3.577024e-01,3.127475e-01,1.893690e-01,3.503061e-01,9.239087e-01,7.460743e-01,4.143290e-02,5.183009e-01,6.369468e-01,4.993815e-01,3.879657e-01,9.933106e-01,6.234530e-01,9.816629e-01,6.323938e-01,4.754547e-01,2.310588e-01,6.621130e-01,1.224557e-01,9.851003e-01,5.374284e-01,1.285728e-03,5.078570e-01,2.377013e-01,2.587867e-01,6.635814e-01,9.090113e-01,8.246226e-02,5.456660e-01,3.652158e-01,1.141860e-01,8.630694e-01,4.515128e-01,7.012308e-01,1.647764e-01,3.695034e-01,2.410750e-01,8.051048e-01,6.217865e-01,5.596811e-01,3.445539e-01,8.810651e-01,1.549221e-01,3.977679e-01,2.693317e-01,8.389522e-01,5.023603e-01,3.860219e-01,4.631415e-01,7.787965e-01,3.685814e-01,3.353133e-01,7.450217e-01,6.891742e-01,3.792440e-01,1.327541e-01,4.942795e-01,9.073485e-01,9.248015e-01,5.762481e-01,9.082261e-01,7.048537e-01,6.719256e-01,4.843051e-01,5.758673e-01,4.300796e-01,9.321629e-01,9.865207e-01,8.513332e-01,8.393224e-01,7.550949e-01,2.115431e-02,8.405970e-01,2.420991e-01,4.467784e-02,5.065152e-01,6.892445e-01,4.491695e-02,2.372465e-01,5.497275e-01,1.557377e-01,1.101736e-01,5.229606e-01,2.866982e-01,3.886985e-01,7.274678e-01,6.661829e-01,5.584877e-01,8.861597e-01,2.342521e-02,3.003519e-01,4.385021e-01,6.077036e-01,8.789080e-01,3.067301e-01,8.280740e-01,8.940760e-01,2.263227e-01,2.323218e-02,8.321160e-01,3.143996e-01,8.758703e-01,6.767759e-03,9.383362e-01,2.068244e-01,4.410017e-01,9.605243e-01,3.284002e-02,6.561747e-01,2.268760e-01,3.146517e-01,3.937351e-01,3.133587e-01,8.848788e-01,8.045364e-01,4.658586e-01,1.259046e-01,5.560851e-01,9.750812e-02,7.110316e-01,5.197170e-01,8.199679e-01,8.658382e-01,7.296529e-01,9.545611e-01,1.572300e-03,4.868005e-01,5.970845e-01,5.946691e-01,9.460857e-02,3.972615e-01,4.056341e-01,4.403268e-01,1.712711e-01,2.234985e-01,7.170143e-01,5.349877e-01,4.668463e-01,6.625670e-02,7.596325e-01,5.452178e-01,3.644155e-01,8.258986e-01,7.045229e-01,8.752589e-01,5.190991e-01,1.656844e-01,9.672495e-01,8.765853e-01,8.012094e-01,1.096578e-01,2.917141e-01,9.044585e-01,4.449227e-01
4.680825e-02,5.396307e-01,2.027057e-01,6.642930e-02,3.058907e-01,3.274489e-01,1.196512e-01,6.766228e-01,2.378862e-01,4.760517e-01,5.766256e-01,8.577384e-01,6.756729e-01,1.990521e-01,5.909393e-01,8.783341e-01,9.806874e-01,7.972499e-01,8.383964e-01,2.221816e-01,4.401251e-02,2.943219e-01,1.830042e-01,5.017846e-02,4.786498e-01,9.279156e-01,5.734550e-02,4.150508e-01,4.815347e-01,5.115369e-01,2.737912e-01,8.363695e-01,9.170769e-01,5.924180e-01,7.985971e-03,1.793589e-01,2.318361e-01,2.304417e-01,8.795520e-01,4.141013e-01,7.140470e-02,4.033120e-01,1.336277e-01,3.970940e-01,3.940655e-01,8.809669e-01,1.676475e-01,4.264149e-01,3.212600e-01,2.350730e-01,1.874715e-01,9.975691e-01,2.156364e-01,7.080540e-01,3.130425e-02,5.880169e-02,1.131322e-01,3.028922e-01,1.422561e-01,7.522539e-01,8.158706e-01,1.599211e-01,1.023627e-01,6.621626e-01,3.521473e-01,7.439596e-01,2.354202e-01,1.950353e-01,7.084860e-01,5.351160e-01,5.484669e-01,5.532906e-01,1.471477e-01,2.223136e-01,4.676188e-01,3.170382e-01,8.973770e-01,6.116600e-01,3.798927e-01,6.168977e-01,4.459703e-01,5.256258e-01,8.940628e-01,3.614006e-01,7.832834e-01,6.562949e-02,9.400134e-01,9.119168e-01,9.015980e-01,2.814139e-01,5.529790e-01,7.348698e-02,5.756109e-02,6.921727e-01,9.271770e-01,3.041858e-01,5.315029e-01,4.777421e-01,6.710094e-01,9.954191e-01,7.999753e-01,3.421213e-01,8.401973e-01,2.709259e-01,9.157983e-02,6.995579e-01,8.236697e-01,9.552470e-01,9.621047e-01,8.412458e-02,1.584391e-01,5.704871e-01,3.670513e-01,8.524614e-01,6.600466e-01,8.670652e-01,4.769710e-01,8.313038e-01,7.581376e-01,6.670546e-01,4.561791e-01,4.886950e-01,8.897667e-01,8.832189e-01,1.756931e-01,3.830201e-01,5.082776e-02,4.213012e-01,8.724369e-01,6.676830e-01,8.504898e-02,9.041617e-01,8.994842e-01,7.361639e-01,5.023829e-01,4.904697e-01,4.932287e-01,7.924888e-01,9.023120e-01,4.162259e-01,3.827093e-01,4.809735e-01,7.145695e-01,7.176143e-01,8.307586e-01,9.809860e-01,9.201837e-01,5.992080e-01,1.562776e-01,2.290635e-01,5.596362e-01,2.612398e-01,1.603814e-01,2.103879e-01,6.134446e-02,5.304045e-02,7.173343e-01,9.356520e-01,9.081549e-01,4.168781e-01,6.595325e-01,5.517010e-01,5.997191e-04,9.744504e-01,5.080590e-01,5.883872e-01,9.449311e-02,8.142695e-01,5.453167e-01,4.259226e-01,3.225141e-01,4.229149e-01,4.884525e-01,9.246600e-01,5.938010e-01,7.586340e-01,6.513243e-01,7.868432e-01,7.458285e-01,7.203089e-02,9.579946e-01,3.108532e-01,6.332036e-01,2.866470e-01,4.747367e-01,2.587502e-01,4.508069e-01,5.899980e-01,7.191052e-01,8.769092e-01,6.781692e-01,1.286247e-01,2.133323e-01,7.055289e-01,5.962898e-03,5.640149e-01,6.125044e-01,5.754140e-01,4.759835e-01,3.021843e-01,3.956970e-02,5.678381e-01,1.345150e-01,9.970903e-01,3.885907e-01,8.069489e-01,3.016623e-01,8.293417e-01,1.719013e-01,5.810623e-01,7.851452e-01,4.135792e-01,2.250169e-01,4.681833e-01,6.811644e-01,4.188060e-01,7.321439e-01,5.789594e-01,3.631870e-01,9.029666e-02,7.358035e-01,4.961372e-01,7.373066e-01,7.977869e-01,7.089352e-01,9.510578e-01,9.577207e-01,8.240283e-01,7.480418e-01,7.351135e-03,1.634439e-01,9.350763e-01,5.747325e-02,7.073589e-01,7.505228e-01,1.117015e-01,3.577909e-01,1.470534e-01,7.923240e-01,6.851805e-01,7.275300e-01,7.754426e-02,4.152701e-01,1.265179e-02,3.272893e-01,3.998641e-01,2.517816e-01,8.989665e-01,9.351956e-01,3.993514e-01,9.084462e-01,6.867033e-02,6.053379e-01,4.188206e-01,4.458672e-02,6.506894e-01
1.022291e-01,2.053697e-02,7.555424e-01,3.308648e-01,3.824168e-01,4.304879e-01,1.476797e-01,4.106271e-01,8.255726e-01,4.043531e-01,8.438902e-01,2.636842e-01,7.405629e-01,6.700380e-01,2.026298e-01,3.737040e-01,7.189675e-01,9.031562e-01,6.093809e-01,8.174791e-01,8.622912e-01,1.880172e-01,5.360296e-01,2.261871e-02,8.791549e-01,9.552169e-01,1.006128e-01,7.499711e-01,5.948971e-01,7.773392e-01,6.813764e-01,9.822193e-03,9.830156e-01,1.744681e-01,2.142203e-01,6.337663e-01,3.763926e-01,7.088798e-01,6.615177e-01,5.864035e-01,9.043310e-01,4.005656e-01,6.469731e-01,2.281554e-01,9.801944e-01,9.402734e-01,8.179838e-01,4.502782e-01,3.071622e-02,5.959375e-01,4.403898e-01,5.226565e-01,5.259623e-01,8.238078e-01,3.998272e-01,2.160727e-01,5.798829e-01,6.551779e-01,8.964212e-01,9.022698e-01,4.428292e-01,5.855996e-01,9.258165e-01,6.926001e-01,6.456437e-01,8.057941e-01,1.712813e-01,8.368808e-01,2.093110e-01,8.009628e-01,1.617782e-01,5.816636e-01,5.321788e-01,4.433903e-01,6.767877e-01,3.421885e-01,5.015447e-01,2.756207e-01,4.697818e-01,3.763077e-01,8.005514e-01,8.642008e-01,4.666991e-01,1.480700e-01,1.073902e-01,8.816921e-01,5.604316e-01,8.201107e-01,9.006011e-01,8.299508e-01,8.279298e-01,6.657254e-01,7.513794e-01,9.177037e-01,7.031991e-01,6.303791e-01,8.792879e-01,4.752964e-01,5.091396e-01,1.353826e-02,9.713254e-01,6.876365e-01,9.891258e-01,5.799656e-01,3.475584e-01,9.730882e-01,5.821405e-01,8.210574e-01,6.695952e-01,1.600198e-01,3.113124e-01,6.391610e-01,2.397430e-01,2.539297e-01,9.836017e-02,7.056631e-01,6.091970e-01,3.813567e-01,3.891825e-01,1.361082e-01,9.944652e-01,1.996962e-01,7.090217e-01,3.130423e-01,7.210907e-01,1.352045e-01,9.998741e-01,2.884176e-01,8.785759e-01,4.461667e-01,9.403410e-01,8.823206e-01,4.066976e-01,3.441361e-03,2.331996e-01,4.799033e-01,2.309322e-01,3.818127e-01,2.709533e-02,4.833876e-01,6.444667e-01,2.587754e-03,3.086694e-01,2.132647e-02,7.812691e-01,1.086069e-01,3.738629e-01,5.075639e-01,6.327519e-01,8.863416e-01,7.621676e-01,7.488237e-01,4.699557e-01,7.170579e-01,4.513345e-01,1.920014e-01,9.747227e-01,9.880256e-01,8.666403e-01,8.999021e-01,4.688125e-01,9.044273e-01,6.890518e-02,8.738370e-01,5.577042e-01,9.178289e-01,2.598287e-01,5.985410e-01,8.058303e-01,8.289100e-02,4.241631e-01,6.531934e-01,4.565967e-01,1.002948e-01,8.025176e-01,2.620061e-01,7.287752e-01,8.833191e-01,5.245368e-01,5.194054e-01,1.360868e-01,4.316982e-01,4.586602e-01,8.432112e-01,3.792264e-01,3.812768e-01,8.804376e-01,7.263765e-02,5.192691e-01,1.795361e-01,7.680621e-03,7.581957e-01,5.637360e-01,6.346730e-01,2.044448e-01,8.431938e-01,6.624640e-01,3.013574e-01,2.336500e-01,3.410755e-01,5.257984e-01,8.006544e-01,9.459770e-01,9.963073e-01,4.658615e-01,1.920545e-01,6.983252e-01,8.729800e-03,6.235137e-01,9.302417e-01,2.138936e-01,1.542168e-01,1.248270e-01,2.106764e-01,8.275231e-01,4.739840e-01,8.929591e-01,1.070634e-01,4.798275e-01,2.967891e-01,5.477276e-01,2.698370e-01,2.315016e-01,1.697122e-01,7.987644e-01,3.696558e-01,9.131667e-01,7.602442e-01,2.997767e-01,4.304784e-02,6.549413e-01,5.557497e-01,1.225543e-01,3.888565e-01,9.280466e-02,3.288218e-02,6.534782e-01,8.227699e-01,9.919400e-01,2.274182e-01,9.517175e-01,8.016394e-01,8.626822e-01,6.649691e-01,3.533901e-02,3.333654e-01,7.859730e-02,4.522894e-04,8.784762e-01,2.875392e-01,6.733952e-01,5.705959e-01,2.299125e-01,8.604926e-01,8.958303e-01,8.878197e-01
8.596253e-01,9.924074e-01,7.067092e-01,7.451393e-01,6.564692e-01,2.474174e-01,5.119841e-02,7.206160e-02,7.239650e-01,2.169270e-01,3.899226e-02,9.158428e-01,2.320747e-02,4.279492e-02,1.982321e-01,5.933697e-01,4.919512e-01,7.747459e-01,1.411781e-01,5.865184e-01,9.502724e-01,5.404095e-01,8.745699e-01,6.313129e-01,5.799130e-01,8.866609e-02,3.942268e-01,6.923206e-01,5.885439e-01,3.423947e-01,6.118746e-01,3.471472e-01,7.805685e-02,6.722449e-01,6.477535e-01,7.769781e-01,1.197021e-01,8.881304e-01,4.708201e-01,9.507822e-01,6.210861e-01,9.287234e-01,5.115665e-01,8.565146e-01,6.217668e-01,6.023775e-01,8.316772e-01,5.124750e-01,2.674209e-01,6.283982e-01,2.968889e-01,2.651042e-01,5.447196e-01,5.590408e-01,8.400843e-02,7.912762e-01,2.730970e-01,9.463712e-01,5.337720e-01,8.018965e-01,6.192797e-01,1.701652e-01,5.652117e-01,3.147346e-02,7.437429e-01,4.734237e-01,6.908932e-01,5.934980e-01,4.250747e-01,9.712308e-01,5.675548e-01,6.788516e-01,3.354204e-01,7.454218e-01,3.081076e-01,6.014650e-02,5.378521e-01,2.635634e-01,8.370053e-01,6.898283e-01,1.727402e-02,2.916146e-01,1.432655e-01,4.865219e-01,3.826101e-01,4.580260e-01,5.513831e-01,6.444090e-01,7.874499e-02,5.794240e-01,7.798213e-01,5.141078e-01,9.083161e-01,7.350291e-01,1.493987e-01,6.350802e-01,7.181216e-01,4.759521e-01,4.996567e-01,3.010694e-01,1.405744e-01,5.087385e-01,6.364660e-01,3.437316e-01,7.337993e-01,1.134389e-01,2.289201e-01,7.345572e-01,3.680690e-01,8.878153e-01,2.497664e-01,2.619138e-01,5.102043e-01,4.452990e-01,6.805524e-01,4.758971e-01,2.476575e-01,7.777630e-01,6.221992e-01,1.382083e-01,8.056618e-01,1.282423e-01,4.627000e-01,5.400453e-01,1.341079e-01,8.301948e-01,2.338924e-01,3.635447e-01,7.211579e-01,7.316637e-01,9.364368e-01,2.435809e-01,2.018308e-01,2.275324e-01,9.728430e-01,8.591668e-01,2.183246e-01,5.428905e-02,5.551133e-01,5.984110e-01,4.716587e-02,8.507810e-01,1.665367e-01,7.187841e-01,9.880892e-01,9.419022e-01,4.314797e-01,3.392608e-01,5.156677e-01,7.329281e-01,9.508913e-01,9.219903e-01,1.746015e-01,4.339084e-01,9.666970e-02,7.398840e-01,3.194518e-01,7.356182e-02,3.782156e-01,3.419596e-01,7.556637e-01,6.438644e-01,2.925818e-01,1.552163e-01,5.822766e-01,8.802336e-01,6.733164e-01,2.675740e-01,9.441347e-01,8.789537e-02,7.795966e-01,2.351662e-01,6.088848e-01,7.202645e-01,4.179485e-01,6.691097e-01,6.103238e-03,6.239275e-02,6.933004e-01,3.334875e-01,7.130957e-01,4.277795e-01,5.450704e-01,1.901668e-01,8.411711e-01,3.421751e-01,9.781121e-01,9.205804e-01,7.607727e-01,3.915711e-01,5.377325e-01,1.312848e-02,4.808275e-01,4.957375e-03,2.201933e-01,3.682574e-01,7.917980e-01,7.967211e-01,4.501646e-03,4.675794e-01,3.131260e-01,2.351966e-01,8.706487e-01,9.885571e-01,3.502549e-01,9.617751e-01,1.389574e-02,2.631684e-01,4.514574e-01,1.367926e-01,5.988583e-01,2.914081e-01,8.585674e-01,5.322298e-01,8.801993e-01,4.966827e-01,7.450967e-01,9.232570e-02,6.391787e-01,7.341438e-01,6.282936e-01,3.168834e-01,7.407685e-01,3.018322e-02,8.770164e-01,6.991128e-01,8.652630e-01,6.643851e-01,4.657250e-01,2.242148e-01,1.298508e-01,4.746037e-02,3.786952e-01,8.843446e-02,1.679518e-01,9.264895e-01,6.154100e-01,8.761526e-01,5.540673e-01,9.146554e-01,9.036051e-01,3.125788e-01,3.631698e-01,6.548985e-01,7.883210e-01,4.134294e-01,7.947021e-02,6.255634e-01,9.856997e-02,8.383592e-01,6.654798e-01,2.709365e-02,5.563235e-01,1.255428e-01,4.985605e-01,9.143030e-01
5.519438e-01,8.131843e-01,8.580432e-02,5.106139e-01,3.166149e-01,4.802600e-02,5.943825e-01,2.231770e-01,8.283412e-01,5.830570e-01,4.500087e-01,7.982524e-01,8.390683e-01,2.016056e-01,8.514001e-01,3.482723e-01,5.581131e-01,5.727608e-01,1.681993e-01,9.660975e-01,5.037166e-01,3.028700e-01,7.766581e-01,4.610295e-01,4.520775e-01,3.169646e-01,6.188234e-01,8.339262e-01,1.476973e-02,6.212157e-01,4.074134e-01,4.028222e-01,8.532785e-01,6.097967e-01,6.520910e-01,7.724534e-01,7.656352e-01,1.685430e-01,6.107677e-01,2.857331e-01,7.618097e-01,3.099612e-01,4.719527e-01,4.712701e-01,5.788188e-01,1.956545e-01,6.097930e-01,9.652390e-01,8.478964e-01,4.495329e-02,4.721644e-01,4.920035e-01,4.562448e-01,8.439327e-01,3.280970e-01,4.071436e-01,2.939857e-01,6.131325e-01,4.688297e-01,2.321981e-01,2.131811e-01,4.589909e-01,9.325227e-01,6.825779e-02,3.217687e-01,8.805475e-01,8.707934e-01,5.826806e-01,6.473751e-01,6.637301e-01,8.820645e-01,1.075642e-01,7.545979e-02,8.971388e-01,6.019573e-02,9.853657e-01,6.207100e-01,2.038622e-01,8.669679e-01,8.244260e-01,9.778865e-01,6.427641e-01,7.237975e-01,6.728416e-01,4.960321e-01,7.058206e-01,8.073245e-01,8.458501e-01,3.957149e-01,7.774872e-01,7.887943e-01,3.720611e-01,9.716457e-02,6.934235e-01,4.269293e-01,4.751954e-01,7.090525e-01,8.514922e-01,2.695261e-01,5.180681e-01,2.621715e-01,4.862738e-01,5.349060e-01,6.937681e-01,5.446419e-01,3.272993e-01,9.591744e-04,8.642829e-01,2.393917e-01,7.171732e-01,3.980503e-01,4.224055e-01,2.266840e-01,8.124352e-01,3.841689e-02,4.211937e-01,6.022241e-01,7.513508e-01,4.683016e-01,3.752207e-01,4.951262e-01,8.152153e-01,6.262061e-01,8.360380e-01,4.758539e-04,7.772408e-01,5.903213e-01,5.571599e-01,3.331869e-02,9.633295e-01,7.874620e-01,5.918625e-02,1.652950e-01,9.199893e-01,3.604209e-01,5.930512e-01,9.255046e-01,7.298910e-01,4.496006e-01,6.013792e-01,4.707695e-01,5.763989e-01,4.626522e-01,2.729863e-01,7.224203e-01,9.082527e-01,3.681768e-01,1.776376e-01,3.921578e-01,1.412595e-01,4.097414e-01,3.762764e-01,6.990000e-01,9.152779e-01,1.170815e-01,1.181478e-01,7.379494e-01,4.513731e-01,2.774354e-01,1.542012e-03,2.992556e-01,5.970116e-01,3.825097e-02,1.215813e-01,7.519591e-01,1.049159e-01,5.643090e-01,1.594642e-01,4.652956e-01,3.956234e-01,8.715557e-02,5.263948e-01,2.199182e-01,9.402911e-01,7.269445e-01,2.583202e-01,9.043366e-01,2.259961e-01,3.854117e-01,3.839125e-01,2.055685e-01,5.622779e-01,1.461914e-01,6.767668e-01,5.852913e-01,9.209846e-01,1.555453e-01,9.270206e-01,2.789970e-01,3.685514e-02,6.297571e-01,9.829881e-01,8.831053e-01,8.490749e-01,8.530304e-01,4.720776e-02,1.318826e-01,6.620263e-01,3.387449e-01,4.584858e-01,3.253528e-01,7.560422e-02,5.309234e-01,8.489386e-01,5.313677e-01,4.517871e-01,5.522631e-01,3.639116e-01,4.292084e-01,7.045282e-01,9.746341e-01,5.531111e-01,2.635665e-01,4.747494e-01,3.451253e-02,5.850233e-01,5.482646e-01,7.819381e-01,6.075725e-01,4.295603e-02,4.122812e-01,8.178773e-01,8.525783e-01,7.682136e-01,1.249424e-01,3.870259e-01,8.850501e-01,3.225784e-01,7.559570e-01,4.267893e-01,5.971189e-01,9.266885e-01,7.295591e-01,4.503329e-01,1.494346e-01,8.533672e-01,5.636343e-01,7.150914e-01,3.725886e-01,2.637167e-01,7.570551e-01,9.106588e-01,3.488056e-01,9.173649e-01,1.984129e-01,7.769392e-01,1.049604e-01,1.244450e-02,7.135702e-01,9.263107e-01,1.099512e-02,4.048064e-01,5.606720e-01,2.309047e-01,3.593414e-01,1.489371e-01
5.320553e-01,9.012865e-01,6.952261e-01,6.642555e-01,8.592255e-02,1.352498e-01,7.816650e-01,4.833069e-01,4.897678e-01,1.856594e-01,8.192741e-01,7.819672e-01,5.574720e-01,7.706353e-01,5.680451e-01,6.675076e-01,1.686342e-01,6.784175e-02,8.010346e-02,4.212711e-01,5.779250e-01,6.186195e-01,9.553810e-01,9.605685e-01,7.988086e-01,9.107554e-01,6.786035e-01,5.368211e-01,3.695696e-01,4.220111e-02,5.318565e-01,5.018299e-01,6.230085e-01,7.140489e-01,4.614419e-01,8.640556e-01,1.842564e-01,6.747960e-01,3.441213e-01,6.972294e-01,5.357767e-01,1.665932e-01,7.294420e-02,5.044133e-01,6.135786e-01,4.541368e-01,6.021627e-01,4.680212e-01,2.937200e-01,4.158385e-01,1.485542e-02,7.792350e-02,7.899286e-01,3.486742e-01,7.314399e-01,6.292534e-01,4.874406e-01,3.181119e-01,9.671616e-01,7.608254e-01,8.073411e-01,1.666834e-01,2.760411e-01,1.631457e-01,1.226575e-01,1.475207e-01,9.723341e-01,7.477734e-01,7.807231e-01,7.258761e-01,9.796766e-01,9.852843e-02,5.568146e-01,5.750319e-01,2.224926e-02,9.067798e-01,2.169698e-01,5.782440e-01,7.668125e-02,1.815100e-01,9.581988e-01,1.047336e-01,1.508481e-01,7.690204e-02,3.571492e-01,5.701092e-02,6.796218e-01,9.524986e-01,9.910391e-01,2.147310e-01,6.375575e-01,1.125632e-01,2.832467e-01,6.769382e-01,7.670395e-02,1.573601e-01,1.742719e-01,8.980542e-01,6.417157e-01,9.871012e-01,7.631737e-01,7.546579e-01,8.421308e-01,1.824699e-01,9.689655e-01,5.473003e-01,5.051543e-01,4.454492e-01,5.101890e-01,4.571986e-01,1.967709e-01,1.494014e-03,2.785369e-01,7.777152e-01,7.970438e-01,7.036530e-01,1.461316e-01,4.053224e-01,9.878281e-01,7.748086e-02,1.429957e-01,7.967893e-01,7.201464e-01,7.925620e-01,1.581336e-01,4.167899e-01,6.056716e-01,2.694805e-01,2.339816e-01,1.295787e-01,8.616986e-01,3.520261e-02,9.860351e-01,2.352115e-01,3.757835e-01,7.887343e-01,4.125680e-02,5.109350e-01,8.256238e-01,1.448224e-01,4.957475e-02,7.595834e-01,7.075108e-01,7.589643e-01,1.157654e-01,8.604761e-01,4.088919e-02,3.327610e-01,8.374443e-01,6.787820e-01,8.036005e-01,9.112098e-02,2.802778e-01,5.192839e-01,1.466680e-01,8.337437e-01,8.507549e-01,2.463899e-01,7.120087e-01,3.654123e-01,5.254478e-01,9.114093e-02,9.614803e-01,8.195215e-01,2.371586e-01,1.635136e-01,8.254117e-01,8.438299e-01,7.679843e-01,4.663118e-01,3.772986e-01,7.536028e-01,8.674581e-02,2.423896e-01,2.204610e-01,3.960202e-01,6.818255e-01,5.543203e-01,3.465598e-01,6.239241e-01,1.192703e-01,2.263445e-01,8.702881e-01,1.070287e-01,3.105764e-02,2.802247e-02,3.695763e-01,9.388989e-01,5.930442e-01,2.327406e-01,1.434687e-01,9.151029e-01,1.767137e-01,7.362417e-01,6.631576e-01,5.316567e-01,8.963597e-01,1.298730e-01,1.551450e-01,5.557863e-01,6.493531e-01,1.971384e-02,2.862480e-01,6.768230e-01,4.466777e-02,7.563641e-01,1.602354e-01,8.377781e-01,1.621110e-01,7.965860e-01,4.345211e-01,7.066120e-01,5.855184e-01,7.231602e-01,1.755083e-01,7.449861e-02,6.844376e-01,6.188274e-01,9.449996e-01,2.959742e-01,4.241031e-01,9.653565e-01,6.492330e-01,1.727708e-01,1.619856e-01,7.037797e-01,9.961367e-01,8.535784e-01,2.121747e-01,1.535115e-01,3.914183e-01,1.462614e-01,5.231369e-01,4.347925e-01,9.303313e-01,1.865912e-02,9.845572e-01,6.336405e-01,5.836718e-01,7.450828e-01,3.415569e-02,1.506194e-01,3.418339e-01,9.662266e-01,4.034598e-01,5.277342e-02,4.788698e-02,6.173312e-01,4.589580e-01,7.029754e-01,6.471111e-01,5.150193e-01,2.537554e-01,8.961826e-01,2.279563e-01,7.970410e-01
7.142561e-01,3.972507e-02,6.292805e-01,1.322757e-01,6.970405e-01,2.406484e-01,2.068737e-02,5.939776e-01,8.163961e-01,9.167330e-01,7.284714e-01,9.240762e-01,6.673386e-02,8.744951e-01,5.141520e-01,8.592594e-01,6.871541e-01,9.588044e-01,6.928065e-01,8.556659e-01,1.288136e-01,7.338738e-01,4.488981e-01,2.162102e-01,7.992290e-01,2.580437e-01,3.131445e-01,1.415888e-01,9.163847e-01,5.491055e-01,8.864726e-01,2.688382e-01,1.432761e-01,5.686351e-02,3.535851e-01,8.066955e-01,6.367447e-01,4.535501e-01,3.675685e-01,5.462778e-01,9.507612e-01,3.352292e-01,5.142044e-01,5.823591e-01,9.956830e-01,7.702131e-01,6.103856e-01,5.258620e-01,3.892536e-01,6.991738e-01,6.811259e-02,4.343620e-01,2.994361e-01,7.804487e-01,7.807208e-01,5.859123e-01,9.865988e-01,3.888271e-01,7.576127e-01,7.621420e-01,8.899838e-01,7.467798e-01,5.444717e-01,6.462488e-01,9.034426e-01,7.515802e-01,3.995298e-01,6.120284e-01,4.717030e-01,2.488397e-01,8.067795e-01,2.298181e-03,6.307197e-01,6.278068e-01,8.480385e-01,3.289546e-01,5.955801e-01,5.260692e-01,9.196689e-01,3.819707e-01,3.951370e-01,4.841044e-01,4.720122e-01,2.054011e-01,1.539737e-01,5.560309e-01,5.938028e-01,2.007066e-01,9.174951e-01,2.900119e-01,6.112162e-01,2.776202e-01,4.193731e-01,4.053532e-01,7.246841e-01,1.360158e-01,3.727772e-01,6.260886e-01,7.640579e-01,4.676186e-01,2.580175e-01,7.751339e-01,4.100511e-01,7.436670e-01,4.346399e-01,8.600939e-01,6.014384e-01,8.144206e-01,8.578191e-01,5.614123e-01,7.179666e-01,2.571708e-01,5.758716e-01,7.752917e-01,5.091068e-01,9.091625e-01,2.226260e-01,2.754504e-02,9.001818e-01,9.227726e-01,5.292117e-01,5.909510e-01,6.574756e-01,9.146014e-01,2.207767e-02,4.203436e-01,5.146996e-01,3.998881e-01,8.211488e-01,2.492706e-01,5.291092e-01,3.221885e-01,4.768189e-01,1.424529e-01,5.166458e-01,2.456659e-01,5.585267e-01,2.004506e-01,6.385019e-01,3.795739e-01,2.524514e-01,6.726020e-01,1.141811e-01,3.299619e-01,8.455889e-01,2.260287e-01,7.199182e-01,8.110385e-01,9.240062e-02,7.235653e-01,2.253109e-01,8.804766e-01,1.369032e-01,4.415320e-02,3.966745e-01,3.635304e-01,4.239825e-01,8.757323e-01,3.363398e-01,5.896735e-01,3.260187e-01,4.551253e-01,9.149825e-01,1.664098e-01,4.111625e-01,7.414863e-02,4.654550e-01,1.015983e-01,2.682007e-01,5.226709e-01,6.031095e-01,8.579631e-01,2.478563e-01,2.597260e-02,8.139365e-01,2.508267e-01,9.599808e-01,7.967691e-01,5.000029e-01,6.074919e-01,1.442923e-01,2.409659e-02,3.847013e-01,9.387436e-01,9.716217e-01,2.534089e-01,1.743003e-01,2.446919e-01,1.655649e-01,7.989057e-02,2.810546e-01,3.668446e-01,4.318011e-02,5.181306e-01,3.901843e-01,2.196670e-01,6.809412e-01,8.224439e-01,8.867908e-01,8.075456e-01,1.926297e-01,4.513097e-01,9.905738e-01,9.639602e-02,4.876205e-02,1.334758e-02,5.570353e-01,9.164869e-01,6.606795e-01,9.844729e-01,3.564581e-01,6.007541e-01,4.641938e-01,1.008568e-01,8.638040e-01,7.712523e-01,4.921117e-01,8.489391e-01,6.813533e-01,5.012357e-01,1.673744e-01,5.341863e-01,8.027043e-01,8.416223e-01,7.927462e-01,7.055456e-02,1.252111e-01,9.771005e-01,7.203036e-01,1.962763e-01,5.923167e-01,2.608820e-01,3.027348e-01,5.538839e-02,1.729635e-01,2.681635e-01,8.086338e-01,2.695098e-02,9.450081e-01,3.920115e-01,5.904462e-01,5.193282e-01,7.922132e-01,3.618939e-01,3.577247e-01,1.050521e-01,9.525024e-01,5.518689e-01,7.819757e-01,6.635965e-01,4.086628e-01,6.330959e-01,7.949331e-01,3.012156e-01,5.616778e-01,4.335452e-01
9.244792e-01,3.346053e-01,8.985076e-02,8.700561e-01,7.049052e-01,7.865305e-01,3.215619e-01,2.571769e-01,9.852186e-01,9.830519e-01,2.046112e-01,4.341349e-01,4.329611e-01,4.136097e-02,5.856935e-01,1.351339e-01,8.267828e-01,2.012578e-01,4.652920e-01,3.608632e-01,8.883854e-01,6.383963e-01,5.584657e-01,8.654424e-01,8.717734e-01,7.424036e-01,6.940877e-01,3.375129e-01,4.148032e-01,9.166008e-01,3.448811e-01,4.879197e-01,4.271573e-01,6.070110e-01,3.208389e-01,1.962493e-01,5.270193e-01,9.819234e-01,1.353703e-01,3.604420e-02,5.109613e-01,1.432946e-01,4.897513e-01,8.234349e-01,5.785562e-01,5.564489e-02,6.888701e-01,6.156660e-01,6.066904e-02,2.219565e-02,1.705570e-01,7.975677e-01,8.176872e-01,2.933202e-01,1.640530e-01,1.926321e-01,3.516998e-02,6.806411e-01,4.227964e-01,7.660271e-01,9.550627e-01,6.730786e-01,3.904169e-01,8.361155e-01,3.437354e-01,8.817734e-01,7.149031e-02,6.690298e-01,5.467225e-02,1.818428e-01,4.411251e-01,9.821310e-01,4.961746e-01,8.996983e-01,9.215112e-01,3.006329e-01,9.155972e-01,8.110253e-01,9.825852e-01,2.393701e-01,4.545710e-01,3.853003e-01,6.700129e-01,1.186640e-01,1.649355e-01,2.553563e-01,8.471043e-01,9.133300e-01,3.320565e-02,6.477594e-01,7.475729e-02,3.677623e-01,5.975587e-01,4.509460e-01,4.965129e-01,5.011696e-01,8.622319e-01,4.311047e-01,2.758886e-03,2.746440e-01,5.417483e-01,6.641217e-01,9.842721e-01,5.696777e-02,8.414938e-01,8.133282e-01,2.953815e-01,2.105288e-01,9.218500e-01,9.138033e-01,2.772424e-01,9.212740e-01,7.077747e-01,2.956553e-01,6.634546e-01,7.607847e-01,7.084656e-01,7.885556e-01,7.421113e-01,6.942652e-01,7.206753e-01,9.692713e-01,1.419135e-01,7.876642e-01,1.564678e-01,9.910154e-01,3.562236e-01,8.651046e-02,4.513717e-01,2.784645e-01,1.401898e-01,1.447918e-01,3.628128e-02,9.734595e-01,7.001464e-02,2.557754e-01,5.856526e-01,2.155977e-01,1.940420e-01,9.143191e-01,9.654072e-02,4.010028e-01,4.767986e-01,5.171435e-01,7.338219e-01,4.013698e-01,6.296838e-01,5.372749e-01,1.164254e-01,7.420050e-01,5.722236e-01,9.440768e-01,9.275767e-01,3.688127e-02,9.994964e-01,8.665368e-01,4.156307e-01,1.787595e-01,2.868811e-01,2.218093e-01,6.347495e-01,3.575015e-01,1.679707e-01,1.021307e-01,5.701549e-01,3.974827e-01,9.988273e-01,3.135221e-01,8.311391e-01,1.408068e-01,4.310780e-02,4.657129e-01,4.519495e-01,4.500873e-01,7.452693e-01,7.077870e-01,9.022480e-01,3.986147e-01,5.938922e-01,6.816694e-02,5.807108e-01,2.801909e-01,7.748913e-01,3.820228e-01,3.971940e-01,1.999800e-01,1.258503e-02,6.360722e-01,5.672437e-01,2.663111e-01,7.993761e-01,7.174600e-02,5.946117e-01,9.878559e-01,9.411780e-01,1.220359e-01,9.009900e-01,8.168388e-01,7.235880e-01,5.438383e-01,5.539379e-01,6.293098e-01,6.522863e-01,5.575935e-01,2.575664e-01,6.507378e-01,2.535710e-02,7.067851e-02,2.264730e-01,9.861651e-01,5.333146e-01,9.388292e-01,8.889934e-01,9.641254e-01,3.917577e-01,7.606179e-01,2.663963e-02,4.965057e-01,7.245090e-01,9.258134e-01,3.390357e-01,7.355422e-01,4.852791e-01,5.984280e-01,5.838083e-01,7.212311e-01,3.634568e-01,9.887212e-02,9.320279e-01,9.066999e-01,6.376144e-01,2.682104e-01,7.202609e-01,8.848698e-01,3.011682e-01,4.789813e-01,2.296045e-01,3.487066e-01,9.292274e-01,4.500964e-01,5.500752e-01,5.888771e-01,8.779981e-01,6.189776e-01,8.430209e-01,3.244463e-02,9.290332e-01,4.612772e-01,5.813605e-01,9.835612e-01,5.880045e-01,6.167874e-01,5.067977e-01,7.980600e-01,6.004367e-01,8.467360e-01
5.466574e-01,1.751662e-01,6.800340e-01,1.586889e-01,9.649814e-01,5.151850e-01,2.373164e-01,9.450801e-01,5.116836e-01,9.707253e-01,2.206859e-01,7.003964e-01,6.011156e-01,4.526752e-01,7.134866e-01,5.017913e-01,2.108359e-01,4.166605e-01,9.484988e-01,8.840587e-02,5.224954e-01,6.984598e-01,5.583528e-01,3.490978e-01,4.792238e-01,1.814753e-01,2.411617e-01,2.615972e-01,6.551981e-02,6.903510e-01,3.908274e-01,1.258316e-01,6.284212e-01,5.968013e-01,7.230863e-01,7.856352e-01,2.663691e-02,1.754509e-01,8.818014e-01,4.550969e-02,8.804599e-01,5.673468e-01,2.342110e-02,5.518784e-01,7.736054e-01,3.383466e-01,4.564145e-02,6.756560e-01,3.930414e-01,8.499636e-01,5.908014e-01,4.186848e-01,5.335627e-01,5.052837e-01,1.528175e-01,2.939663e-01,9.654851e-02,6.710619e-01,5.433400e-01,4.102714e-01,9.059923e-01,9.674863e-01,5.169883e-01,5.232238e-01,5.472235e-01,9.191921e-01,7.096574e-01,1.201354e-01,5.061008e-01,9.203105e-01,6.143676e-02,4.241644e-01,3.075807e-01,5.707367e-01,1.248136e-01,4.062743e-01,3.458296e-02,2.904159e-01,6.775108e-01,6.747722e-01,1.916240e-01,7.497261e-01,6.019788e-02,7.758276e-01,2.935288e-01,1.266130e-01,6.716768e-01,4.092887e-01,3.350922e-01,5.723300e-02,2.749935e-01,4.833094e-01,7.739952e-01,4.053290e-01,5.979918e-01,3.785798e-01,5.500565e-01,8.097867e-01,1.508658e-01,4.354766e-01,9.582889e-01,4.945998e-01,6.566285e-01,7.849711e-01,2.279238e-01,5.483886e-01,1.622413e-01,3.985052e-01,3.297502e-01,3.017464e-01,4.819123e-01,5.306521e-01,3.639797e-01,8.808638e-01,8.378656e-01,9.073050e-01,1.220244e-01,5.934415e-01,1.453456e-01,5.342333e-01,6.196839e-02,5.551624e-01,6.676043e-01,1.694796e-01,9.768518e-01,5.291045e-01,3.902644e-01,8.900672e-01,9.109154e-01,2.818400e-01,3.560568e-02,8.135804e-01,4.471338e-01,7.343108e-01,2.049089e-01,2.199276e-01,6.615460e-01,5.037751e-01,6.147893e-01,2.279130e-01,1.809359e-01,9.991592e-01,6.370225e-01,1.103342e-01,5.470704e-01,5.682901e-01,2.123738e-01,7.650326e-01,3.003619e-02,9.726820e-01,8.060419e-01,4.203589e-01,9.581514e-01,3.336245e-01,7.223047e-01,1.725341e-01,8.333247e-01,8.563803e-01,9.462575e-03,1.538031e-01,6.848489e-01,6.118600e-01,7.260176e-01,3.913179e-01,7.025179e-01,4.035321e-01,5.462358e-01,5.257328e-04,1.947917e-01,9.717097e-01,7.825737e-01,4.951251e-01,6.296108e-01,2.810689e-03,9.965652e-02,1.968007e-02,2.901269e-01,7.196014e-01,3.623260e-01,2.227242e-01,4.285059e-01,9.707444e-01,5.954029e-01,1.926296e-01,9.605244e-01,8.439566e-02,1.599721e-01,5.778383e-01,3.451154e-01,3.678035e-01,5.003490e-01,6.689427e-01,8.838973e-01,7.785517e-01,1.448422e-02,4.505832e-01,7.522487e-01,7.891975e-01,6.373762e-01,2.046093e-01,5.390769e-01,2.477337e-01,6.621664e-01,1.965743e-02,6.620467e-01,4.246920e-01,7.175038e-01,2.360331e-01,2.410899e-01,4.582294e-01,2.064923e-01,5.077635e-01,8.693521e-03,2.722139e-01,7.303697e-01,1.607957e-02,2.774864e-01,7.659159e-01,1.832503e-01,6.508913e-01,9.770181e-01,8.548299e-01,3.230977e-01,6.130216e-01,8.548672e-01,9.059597e-01,4.182726e-01,2.025678e-01,5.900600e-01,7.138493e-02,1.260263e-01,7.243003e-01,9.445184e-01,3.410986e-01,4.434247e-01,7.707704e-01,1.545599e-02,5.332773e-01,9.396861e-01,3.999629e-01,9.866821e-01,9.152481e-01,7.751829e-01,5.656915e-01,7.465098e-01,9.321584e-01,2.102318e-01,4.537711e-02,2.986517e-01,5.420082e-01,3.369331e-01,3.065089e-01,3.428546e-01,7.912468e-01,6.078053e-01,4.201180e-01
2.835348e-01,7.423015e-02,5.357502e-01,9.093426e-01,6.062585e-01,6.296479e-01,7.755065e-01,4.896207e-01,8.241845e-01,6.305887e-01,5.740846e-01,8.319406e-01,1.279696e-01,8.016048e-01,6.137770e-01,9.358577e-02,3.506584e-01,5.116458e-01,4.492525e-01,1.030551e-01,1.275183e-01,4.983999e-01,6.470476e-01,9.484122e-01,2.446248e-01,3.112775e-01,9.591872e-01,3.662118e-01,2.895214e-01,3.546592e-01,3.931689e-01,4.338974e-01,2.981120e-01,4.976213e-01,6.384859e-01,2.142247e-01,8.734627e-01,2.648066e-01,3.818405e-01,1.888915e-01,3.452311e-01,2.324829e-01,8.311353e-01,5.936865e-01,9.891136e-01,3.432377e-01,2.987858e-01,6.716704e-01,4.976001e-02,2.011648e-01,2.812342e-03,2.997870e-01,3.474303e-01,7.822335e-01,3.595620e-01,5.629714e-01,4.655071e-01,4.645387e-01,4.131813e-01,2.897071e-01,7.771894e-01,2.049567e-01,9.631210e-01,5.001790e-01,1.572813e-01,2.482550e-01,1.434752e-01,7.816429e-01,4.284735e-01,5.501291e-01,2.162206e-01,3.128524e-01,9.933006e-01,1.862524e-01,3.495467e-01,3.452007e-01,2.685488e-02,4.268735e-01,8.188260e-01,3.741393e-01,2.468729e-01,1.767884e-01,7.990364e-01,6.322872e-02,2.350402e-01,4.260889e-01,4.950654e-01,5.974971e-02,7.001930e-03,7.258354e-01,1.570483e-01,1.180038e-01,5.214763e-01,6.173078e-01,1.474296e-01,8.039197e-01,3.796008e-01,7.907582e-01,3.026697e-01,9.906016e-01,5.294118e-01,9.191097e-01,3.914752e-02,8.259407e-01,6.093178e-01,6.985685e-01,7.546119e-01,8.634377e-01,2.173188e-01,5.877768e-01,5.000194e-01,4.383980e-01,5.211462e-01,4.212894e-01,3.956297e-01,2.379596e-01,2.649695e-01,7.567565e-01,8.271343e-01,4.493027e-01,5.393801e-01,8.335007e-01,7.366738e-01,5.966158e-01,1.385040e-01,1.466000e-01,1.801014e-01,8.296168e-01,3.360196e-01,6.520417e-01,3.620507e-01,9.886928e-01,6.622407e-01,2.910045e-01,1.068934e-01,9.882235e-01,7.373236e-01,4.203632e-01,3.329431e-01,2.265213e-01,6.337702e-01,5.908694e-01,3.703897e-02,3.233051e-01,4.831544e-01,7.123536e-01,1.857652e-01,9.191644e-01,4.152642e-01,6.165061e-02,6.318724e-01,3.137056e-01,1.880181e-01,2.839386e-01,3.495345e-01,6.000939e-01,4.519386e-01,8.543824e-01,7.876485e-01,1.765504e-01,7.672700e-01,4.934722e-01,6.084704e-01,8.323886e-01,3.301320e-01,3.963965e-01,2.463394e-01,8.991245e-02,6.460323e-01,2.316481e-01,5.536225e-01,5.634990e-01,5.574007e-01,8.657114e-02,8.939777e-01,6.891834e-01,2.015955e-01,4.035568e-01,5.605180e-01,2.728670e-01,6.544746e-02,4.520175e-01,9.281105e-01,4.501358e-02,8.069287e-01,6.748312e-02,3.382698e-01,6.235405e-01,3.451167e-03,9.719450e-01,4.062537e-01,5.167032e-01,5.408517e-01,8.728860e-01,7.721471e-01,5.276371e-01,4.302977e-01,2.691119e-01,9.862697e-01,2.534984e-01,7.765654e-01,4.282366e-01,7.994473e-03,8.131177e-01,2.189996e-01,9.762122e-01,8.318767e-02,1.438117e-01,4.393046e-01,6.685625e-01,9.733203e-01,9.229026e-01,7.448561e-01,3.359216e-01,1.593215e-01,2.569874e-01,3.954612e-01,7.601262e-01,1.370319e-01,7.447509e-01,1.653652e-01,2.510887e-03,5.673334e-01,5.408362e-01,9.081861e-01,5.265644e-01,5.242333e-01,2.652005e-01,1.902100e-01,5.676135e-01,8.226379e-01,6.347836e-01,1.778298e-01,1.948651e-01,6.665203e-01,5.754471e-01,4.346918e-01,3.004999e-02,8.538143e-01,4.460881e-01,1.286181e-01,4.016784e-01,4.129355e-01,3.333914e-01,3.559148e-01,5.999220e-01,8.916464e-01,8.229770e-02,6.745075e-01,6.986907e-01,7.092199e-01,1.183163e-01,9.506061e-01,9.455059e-01,2.018523e-01,6.938886e-01
4.706938e-01,6.874237e-01,3.335261e-01,6.123234e-02,7.198293e-01,5.895286e-01,3.187951e-01,4.515320e-02,2.203161e-01,8.827373e-01,8.682361e-01,9.523984e-01,2.061684e-01,8.499570e-02,9.752631e-01,1.900278e-01,2.523982e-01,1.798220e-03,4.574890e-01,7.639110e-01,9.442075e-01,8.245697e-01,7.742053e-01,6.003354e-01,3.758690e-01,1.489453e-01,9.383347e-01,8.010016e-01,8.463863e-01,1.384321e-01,1.265120e-01,4.792136e-01,7.429016e-01,3.740154e-01,8.350023e-01,4.243907e-01,4.485330e-01,4.264160e-04,8.287808e-01,6.277181e-01,9.125314e-01,8.477968e-01,7.649409e-01,8.442893e-01,7.682251e-02,7.816283e-01,7.287411e-01,1.612980e-01,1.246341e-01,7.727206e-01,8.804112e-01,7.704946e-01,6.214507e-02,5.758386e-01,9.269025e-01,7.238520e-01,3.631335e-01,5.164694e-01,7.138891e-02,6.004535e-01,3.512986e-02,1.852954e-01,9.719690e-01,3.687935e-01,2.210554e-01,3.296893e-01,6.040956e-02,3.685356e-01,9.501193e-01,4.897878e-01,6.236781e-01,6.478222e-01,9.685929e-01,8.841864e-01,1.578267e-01,1.068619e-01,2.051822e-01,2.060452e-01,5.353491e-01,3.634568e-01,9.163796e-01,8.019934e-01,9.298900e-01,2.635951e-01,5.898975e-01,4.967181e-01,9.692827e-01,5.919677e-01,9.208072e-01,4.526092e-01,8.031456e-01,3.883821e-01,8.176355e-01,6.004961e-01,4.938623e-02,4.552204e-01,3.145561e-01,4.711432e-01,4.193789e-01,8.781512e-01,6.035429e-01,6.779513e-01,9.036926e-01,2.378144e-01,7.886175e-01,4.603793e-01,7.918112e-01,3.804499e-01,1.121619e-01,7.013613e-01,3.525994e-01,3.187973e-01,2.460152e-01,3.936688e-01,3.418519e-01,2.571195e-01,9.084868e-01,4.840095e-01,1.402803e-01,4.630175e-01,3.520619e-01,4.852208e-01,1.738733e-01,9.271435e-01,9.345225e-01,8.780666e-01,9.750901e-01,9.070574e-02,9.999879e-01,5.675275e-02,4.287272e-01,6.483785e-01,3.500907e-02,8.767487e-01,9.763734e-01,5.438379e-01,3.344330e-02,8.987055e-01,5.451354e-01,1.423053e-01,2.852273e-01,3.431380e-01,8.249938e-01,8.265599e-01,4.983185e-01,4.955641e-01,4.339772e-01,9.493442e-01,4.473936e-01,8.889614e-01,9.689319e-01,9.863642e-01,5.760648e-01,8.497714e-01,6.448018e-01,1.771150e-01,4.009530e-01,3.599393e-01,4.337542e-01,2.891748e-01,6.601049e-01,5.331525e-01,3.741825e-01,3.812110e-01,1.421490e-01,9.159971e-01,6.151866e-01,9.144172e-01,1.562060e-01,6.888940e-01,7.257912e-01,9.139846e-01,9.063223e-01,9.057050e-01,9.790825e-01,6.122096e-01,5.018696e-01,1.419004e-01,5.917637e-01,1.988934e-01,6.767057e-01,8.070982e-01,8.283753e-01,5.999637e-01,9.293891e-01,2.028253e-01,2.274252e-01,2.683847e-01,5.227086e-01,6.393032e-02,8.913940e-01,2.436085e-01,5.945526e-01,6.132391e-01,2.314735e-01,1.949302e-01,5.056540e-01,2.180182e-01,2.869790e-02,2.749162e-01,4.560902e-01,9.357414e-02,5.937512e-01,4.710913e-01,2.663332e-01,5.061047e-01,3.135932e-01,6.472845e-01,2.786167e-01,5.549858e-01,2.202040e-01,8.989998e-01,1.545407e-01,1.601237e-01,1.576847e-01,3.536237e-01,1.670548e-01,4.928508e-01,9.635806e-01,4.723030e-01,5.108358e-01,3.180685e-01,5.804229e-01,1.587494e-02,6.755224e-01,8.434251e-01,4.823695e-01,4.922120e-01,7.891326e-02,8.160865e-01,6.613841e-01,5.140810e-01,8.340109e-01,5.724458e-01,2.540522e-01,6.378644e-01,4.383567e-01,4.349184e-01,4.535321e-01,6.479059e-01,9.026527e-01,4.283930e-01,1.181803e-02,7.789997e-01,1.709873e-01,6.699549e-01,3.355138e-01,2.091866e-02,9.711550e-01,9.470216e-01,9.702956e-01,9.708249e-01,5.309583e-01,1.807736e-01,2.873712e-01,3.266237e-01
8.650260e-01,5.145603e-01,2.000088e-01,4.158666e-01,8.439844e-01,2.198813e-01,6.364579e-01,1.389050e-01,3.038435e-01,2.088680e-01,1.055054e-01,8.527265e-01,2.257467e-01,4.088764e-01,6.008127e-01,9.462094e-01,9.997131e-01,7.172263e-01,6.492737e-01,7.188958e-01,7.552107e-01,1.893577e-01,1.831189e-01,7.378904e-01,9.340494e-01,8.858828e-01,9.366683e-01,6.758627e-01,7.967077e-01,6.344095e-01,5.137156e-01,5.371584e-01,6.935932e-01,1.573128e-01,5.704513e-01,3.327181e-01,7.057570e-01,6.899281e-01,6.484812e-01,5.216122e-01,2.656746e-01,5.340494e-01,5.672111e-01,9.742832e-01,2.745817e-01,3.361141e-01,3.207808e-01,2.134823e-02,4.556913e-01,7.464838e-01,9.822623e-01,4.557030e-01,8.148467e-01,4.565205e-02,4.604920e-01,8.263612e-01,3.183717e-02,4.429229e-01,7.357658e-01,7.684666e-01,1.754579e-01,6.730993e-01,1.064635e-01,8.370320e-01,7.538026e-01,3.920116e-01,6.165826e-01,8.094372e-02,4.280578e-01,3.250152e-01,6.160749e-01,9.602012e-01,7.325163e-01,2.243352e-01,9.940899e-02,6.045663e-01,6.149823e-01,5.470129e-01,7.169309e-01,3.588961e-01,4.311818e-01,6.523864e-01,6.218472e-01,6.470549e-01,8.899153e-01,7.224879e-01,8.052051e-02,4.525685e-01,3.927704e-01,5.266542e-02,7.247863e-01,2.792431e-02,2.374722e-01,7.624924e-01,3.215428e-02,7.555031e-01,6.909860e-01,5.472747e-01,7.807087e-02,1.252954e-02,3.098665e-01,9.725242e-01,1.665778e-01,8.896763e-01,1.496712e-01,3.360992e-01,7.102425e-01,6.993728e-01,4.315413e-02,4.544734e-02,1.155683e-01,1.537756e-01,8.152184e-01,9.446185e-01,4.507640e-01,2.304984e-01,3.412102e-01,9.613336e-01,4.517407e-01,7.174013e-01,6.439190e-01,4.702160e-01,9.327366e-01,6.129441e-01,2.234298e-01,7.412648e-01,6.247613e-01,6.029954e-01,3.406274e-01,3.830791e-01,3.771682e-01,8.270913e-01,2.048903e-01,8.797375e-01,5.184699e-01,5.795940e-01,6.364006e-01,3.099070e-01,8.290983e-01,6.073692e-01,6.012036e-01,6.200550e-01,4.000577e-02,9.567368e-01,7.757049e-01,5.103957e-01,8.908203e-01,3.811430e-01,5.830254e-02,8.575774e-01,5.698760e-01,8.641169e-02,6.142989e-01,6.466219e-01,6.989243e-01,2.308087e-01,3.918248e-01,1.515112e-03,9.466073e-01,6.394930e-01,2.106351e-01,4.712883e-01,5.561795e-01,7.798540e-01,7.643038e-01,8.782944e-01,5.805232e-01,3.988453e-02,3.274176e-02,6.377208e-02,2.740679e-01,6.143890e-01,9.251762e-01,1.200876e-01,3.478583e-01,1.883633e-01,7.814384e-01,8.659515e-02,4.009805e-01,1.230562e-02,3.116418e-01,4.739705e-01,6.557049e-01,1.407973e-01,9.692739e-01,1.169789e-01,2.109952e-01,4.047216e-01,3.294390e-01,8.982905e-01,2.208764e-01,7.206027e-01,1.959108e-01,5.976326e-01,8.904436e-01,8.356092e-01,9.843885e-01,6.918262e-01,7.566785e-01,8.357070e-01,4.299746e-02,7.597831e-01,5.371655e-02,4.672849e-02,5.552206e-01,3.515239e-01,9.837172e-01,9.881638e-01,4.199683e-01,6.178699e-01,6.769099e-01,5.241976e-01,3.241213e-02,4.942408e-01,3.524098e-01,3.361598e-01,2.465535e-01,7.690611e-01,6.157494e-01,9.343991e-02,7.192358e-01,9.678742e-01,6.158853e-01,5.203453e-01,6.965606e-01,1.106962e-01,8.974489e-01,5.301816e-01,7.704549e-01,3.689970e-01,3.022921e-01,8.872820e-01,1.894175e-01,5.590131e-01,6.666529e-01,1.217451e-01,5.724771e-01,7.652489e-01,3.937318e-02,9.341024e-01,1.456390e-01,8.611777e-01,1.174023e-01,6.591891e-01,5.166236e-01,2.980062e-01,2.534989e-01,7.639475e-01,6.219806e-01,4.338283e-01,1.859135e-01,4.563179e-01,8.445783e-01,1.589570e-01,8.072628e-01,7.075624e-01
