<?xml version="1.0"?>
<DataSet id="10208">
    <node id="0">
        <parent_id>-1</parent_id>
        <left_child>true</left_child>
        <left_child_id>2</left_child_id>
        <right_child_id>3</right_child_id>
        <doc_count>7214</doc_count>
        <top_terms>
            <term name="people"/>
            <term name="god"/>
            <term name="don"/>
            <term name="article"/>
            <term name="writes"/>
        </top_terms>
    </node>
    <node id="1">
        <parent_id>-1</parent_id>
        <left_child>true</left_child>
        <left_child_id>8</left_child_id>
        <right_child_id>9</right_child_id>
        <doc_count>4023</doc_count>
        <top_terms>
            <term name="windows"/>
            <term name="card"/>
            <term name="drive"/>
            <term name="dos"/>
            <term name="pc"/>
        </top_terms>
    </node>
    <node id="2">
        <parent_id>0</parent_id>
        <left_child>true</left_child>
        <left_child_id>4</left_child_id>
        <right_child_id>5</right_child_id>
        <doc_count>5221</doc_count>
        <top_terms>
            <term name="government"/>
            <term name="people"/>
            <term name="don"/>
            <term name="year"/>
            <term name="article"/>
        </top_terms>
    </node>
    <node id="3">
        <parent_id>0</parent_id>
        <left_child>true</left_child>
        <left_child_id>22</left_child_id>
        <right_child_id>23</right_child_id>
        <doc_count>1492</doc_count>
        <top_terms>
            <term name="god"/>
            <term name="jesus"/>
            <term name="christian"/>
            <term name="christians"/>
            <term name="bible"/>
        </top_terms>
    </node>
    <node id="4">
        <parent_id>2</parent_id>
        <left_child>true</left_child>
        <left_child_id>6</left_child_id>
        <right_child_id>7</right_child_id>
        <doc_count>4074</doc_count>
        <top_terms>
            <term name="people"/>
            <term name="don"/>
            <term name="gun"/>
            <term name="article"/>
            <term name="car"/>
        </top_terms>
    </node>
    <node id="5">
        <parent_id>2</parent_id>
        <left_child>true</left_child>
        <left_child_id>38</left_child_id>
        <right_child_id>39</right_child_id>
        <doc_count>1147</doc_count>
        <top_terms>
            <term name="team"/>
            <term name="game"/>
            <term name="hockey"/>
            <term name="games"/>
            <term name="players"/>
        </top_terms>
    </node>
    <node id="6">
        <parent_id>4</parent_id>
        <left_child>true</left_child>
        <left_child_id>20</left_child_id>
        <right_child_id>21</right_child_id>
        <doc_count>1287</doc_count>
        <top_terms>
            <term name="gun"/>
            <term name="israel"/>
            <term name="government"/>
            <term name="people"/>
            <term name="israeli"/>
        </top_terms>
    </node>
    <node id="7">
        <parent_id>4</parent_id>
        <left_child>true</left_child>
        <left_child_id>10</left_child_id>
        <right_child_id>11</right_child_id>
        <doc_count>2648</doc_count>
        <top_terms>
            <term name="car"/>
            <term name="bike"/>
            <term name="space"/>
            <term name="article"/>
            <term name="don"/>
        </top_terms>
    </node>
    <node id="8">
        <parent_id>1</parent_id>
        <left_child>true</left_child>
        <left_child_id>28</left_child_id>
        <right_child_id>29</right_child_id>
        <doc_count>1861</doc_count>
        <top_terms>
            <term name="drive"/>
            <term name="card"/>
            <term name="scsi"/>
            <term name="ide"/>
            <term name="sale"/>
        </top_terms>
    </node>
    <node id="9">
        <parent_id>1</parent_id>
        <left_child>true</left_child>
        <left_child_id>12</left_child_id>
        <right_child_id>13</right_child_id>
        <doc_count>2162</doc_count>
        <top_terms>
            <term name="windows"/>
            <term name="file"/>
            <term name="dos"/>
            <term name="files"/>
            <term name="window"/>
        </top_terms>
    </node>
    <node id="10">
        <parent_id>7</parent_id>
        <left_child>true</left_child>
        <left_child_id>14</left_child_id>
        <right_child_id>15</right_child_id>
        <doc_count>2082</doc_count>
        <top_terms>
            <term name="car"/>
            <term name="bike"/>
            <term name="dod"/>
            <term name="cars"/>
            <term name="don"/>
        </top_terms>
    </node>
    <node id="11">
        <parent_id>7</parent_id>
        <left_child>true</left_child>
        <left_child_id>30</left_child_id>
        <right_child_id>31</right_child_id>
        <doc_count>566</doc_count>
        <top_terms>
            <term name="space"/>
            <term name="nasa"/>
            <term name="henry"/>
            <term name="moon"/>
            <term name="orbit"/>
        </top_terms>
    </node>
    <node id="12">
        <parent_id>9</parent_id>
        <left_child>true</left_child>
        <left_child_id>18</left_child_id>
        <right_child_id>19</right_child_id>
        <doc_count>1466</doc_count>
        <top_terms>
            <term name="window"/>
            <term name="graphics"/>
            <term name="server"/>
            <term name="program"/>
            <term name="motif"/>
        </top_terms>
    </node>
    <node id="13">
        <parent_id>9</parent_id>
        <left_child>true</left_child>
        <left_child_id>86</left_child_id>
        <right_child_id>87</right_child_id>
        <doc_count>696</doc_count>
        <top_terms>
            <term name="windows"/>
            <term name="dos"/>
            <term name="file"/>
            <term name="files"/>
            <term name="ms"/>
        </top_terms>
    </node>
    <node id="14">
        <parent_id>10</parent_id>
        <left_child>true</left_child>
        <left_child_id>50</left_child_id>
        <right_child_id>51</right_child_id>
        <doc_count>237</doc_count>
        <top_terms>
            <term name="msg"/>
            <term name="food"/>
            <term name="sensitivity"/>
            <term name="superstition"/>
            <term name="chinese"/>
        </top_terms>
    </node>
    <node id="15">
        <parent_id>10</parent_id>
        <left_child>true</left_child>
        <left_child_id>16</left_child_id>
        <right_child_id>17</right_child_id>
        <doc_count>1845</doc_count>
        <top_terms>
            <term name="car"/>
            <term name="bike"/>
            <term name="dod"/>
            <term name="cars"/>
            <term name="don"/>
        </top_terms>
    </node>
    <node id="16">
        <parent_id>15</parent_id>
        <left_child>true</left_child>
        <left_child_id>24</left_child_id>
        <right_child_id>25</right_child_id>
        <doc_count>1364</doc_count>
        <top_terms>
            <term name="car"/>
            <term name="cars"/>
            <term name="engine"/>
            <term name="don"/>
            <term name="good"/>
        </top_terms>
    </node>
    <node id="17">
        <parent_id>15</parent_id>
        <left_child>true</left_child>
        <left_child_id>76</left_child_id>
        <right_child_id>77</right_child_id>
        <doc_count>441</doc_count>
        <top_terms>
            <term name="bike"/>
            <term name="dod"/>
            <term name="ride"/>
            <term name="riding"/>
            <term name="bikes"/>
        </top_terms>
    </node>
    <node id="18">
        <parent_id>12</parent_id>
        <left_child>true</left_child>
        <left_child_id>-1</left_child_id>
        <right_child_id>-1</right_child_id>
        <doc_count>440</doc_count>
        <top_terms>
            <term name="window"/>
            <term name="server"/>
            <term name="motif"/>
            <term name="application"/>
            <term name="x11r5"/>
        </top_terms>
    </node>
    <node id="19">
        <parent_id>12</parent_id>
        <left_child>true</left_child>
        <left_child_id>26</left_child_id>
        <right_child_id>27</right_child_id>
        <doc_count>1004</doc_count>
        <top_terms>
            <term name="graphics"/>
            <term name="ftp"/>
            <term name="mail"/>
            <term name="software"/>
            <term name="program"/>
        </top_terms>
    </node>
    <node id="20">
        <parent_id>6</parent_id>
        <left_child>true</left_child>
        <left_child_id>42</left_child_id>
        <right_child_id>43</right_child_id>
        <doc_count>459</doc_count>
        <top_terms>
            <term name="turkish"/>
            <term name="israel"/>
            <term name="israeli"/>
            <term name="armenians"/>
            <term name="armenian"/>
        </top_terms>
    </node>
    <node id="21">
        <parent_id>6</parent_id>
        <left_child>true</left_child>
        <left_child_id>34</left_child_id>
        <right_child_id>35</right_child_id>
        <doc_count>828</doc_count>
        <top_terms>
            <term name="gun"/>
            <term name="guns"/>
            <term name="batf"/>
            <term name="fbi"/>
            <term name="people"/>
        </top_terms>
    </node>
    <node id="22">
        <parent_id>3</parent_id>
        <left_child>true</left_child>
        <left_child_id>32</left_child_id>
        <right_child_id>33</right_child_id>
        <doc_count>1214</doc_count>
        <top_terms>
            <term name="god"/>
            <term name="jesus"/>
            <term name="christians"/>
            <term name="bible"/>
            <term name="christian"/>
        </top_terms>
    </node>
    <node id="23">
        <parent_id>3</parent_id>
        <left_child>true</left_child>
        <left_child_id>-1</left_child_id>
        <right_child_id>-1</right_child_id>
        <doc_count>210</doc_count>
        <top_terms>
            <term name="morality"/>
            <term name="keith"/>
            <term name="objective"/>
            <term name="livesey"/>
            <term name="atheists"/>
        </top_terms>
    </node>
    <node id="24">
        <parent_id>16</parent_id>
        <left_child>true</left_child>
        <left_child_id>-1</left_child_id>
        <right_child_id>-1</right_child_id>
        <doc_count>513</doc_count>
        <top_terms>
            <term name="car"/>
            <term name="cars"/>
            <term name="engine"/>
            <term name="dealer"/>
            <term name="ford"/>
        </top_terms>
    </node>
    <node id="25">
        <parent_id>16</parent_id>
        <left_child>true</left_child>
        <left_child_id>-1</left_child_id>
        <right_child_id>-1</right_child_id>
        <doc_count>851</doc_count>
        <top_terms>
            <term name="don"/>
            <term name="state"/>
            <term name="magnus"/>
            <term name="ohio"/>
            <term name="health"/>
        </top_terms>
    </node>
    <node id="26">
        <parent_id>19</parent_id>
        <left_child>true</left_child>
        <left_child_id>-1</left_child_id>
        <right_child_id>-1</right_child_id>
        <doc_count>133</doc_count>
        <top_terms>
            <term name="graphics"/>
            <term name="3d"/>
            <term name="library"/>
            <term name="package"/>
            <term name="hidden"/>
        </top_terms>
    </node>
    <node id="27">
        <parent_id>19</parent_id>
        <left_child>true</left_child>
        <left_child_id>36</left_child_id>
        <right_child_id>37</right_child_id>
        <doc_count>871</doc_count>
        <top_terms>
            <term name="mail"/>
            <term name="ftp"/>
            <term name="software"/>
            <term name="image"/>
            <term name="address"/>
        </top_terms>
    </node>
    <node id="28">
        <parent_id>8</parent_id>
        <left_child>true</left_child>
        <left_child_id>46</left_child_id>
        <right_child_id>47</right_child_id>
        <doc_count>1419</doc_count>
        <top_terms>
            <term name="card"/>
            <term name="sale"/>
            <term name="monitor"/>
            <term name="video"/>
            <term name="mac"/>
        </top_terms>
    </node>
    <node id="29">
        <parent_id>8</parent_id>
        <left_child>true</left_child>
        <left_child_id>-1</left_child_id>
        <right_child_id>-1</right_child_id>
        <doc_count>442</doc_count>
        <top_terms>
            <term name="scsi"/>
            <term name="drive"/>
            <term name="ide"/>
            <term name="controller"/>
            <term name="drives"/>
        </top_terms>
    </node>
    <node id="30">
        <parent_id>11</parent_id>
        <left_child>true</left_child>
        <left_child_id>62</left_child_id>
        <right_child_id>63</right_child_id>
        <doc_count>493</doc_count>
        <top_terms>
            <term name="space"/>
            <term name="nasa"/>
            <term name="moon"/>
            <term name="orbit"/>
            <term name="gov"/>
        </top_terms>
    </node>
    <node id="31">
        <parent_id>11</parent_id>
        <left_child>true</left_child>
        <left_child_id>-1</left_child_id>
        <right_child_id>-1</right_child_id>
        <doc_count>69</doc_count>
        <top_terms>
            <term name="henry"/>
            <term name="zoo"/>
            <term name="toronto"/>
            <term name="spencer"/>
            <term name="zoology"/>
        </top_terms>
    </node>
    <node id="32">
        <parent_id>22</parent_id>
        <left_child>true</left_child>
        <left_child_id>48</left_child_id>
        <right_child_id>49</right_child_id>
        <doc_count>561</doc_count>
        <top_terms>
            <term name="god"/>
            <term name="religion"/>
            <term name="christianity"/>
            <term name="atheism"/>
            <term name="truth"/>
        </top_terms>
    </node>
    <node id="33">
        <parent_id>22</parent_id>
        <left_child>true</left_child>
        <left_child_id>58</left_child_id>
        <right_child_id>59</right_child_id>
        <doc_count>653</doc_count>
        <top_terms>
            <term name="god"/>
            <term name="jesus"/>
            <term name="christ"/>
            <term name="bible"/>
            <term name="church"/>
        </top_terms>
    </node>
    <node id="34">
        <parent_id>21</parent_id>
        <left_child>true</left_child>
        <left_child_id>-1</left_child_id>
        <right_child_id>-1</right_child_id>
        <doc_count>208</doc_count>
        <top_terms>
            <term name="fbi"/>
            <term name="batf"/>
            <term name="atf"/>
            <term name="waco"/>
            <term name="fire"/>
        </top_terms>
    </node>
    <node id="35">
        <parent_id>21</parent_id>
        <left_child>true</left_child>
        <left_child_id>40</left_child_id>
        <right_child_id>41</right_child_id>
        <doc_count>620</doc_count>
        <top_terms>
            <term name="gun"/>
            <term name="guns"/>
            <term name="firearms"/>
            <term name="weapons"/>
            <term name="crime"/>
        </top_terms>
    </node>
    <node id="36">
        <parent_id>27</parent_id>
        <left_child>true</left_child>
        <left_child_id>44</left_child_id>
        <right_child_id>45</right_child_id>
        <doc_count>624</doc_count>
        <top_terms>
            <term name="mail"/>
            <term name="software"/>
            <term name="address"/>
            <term name="fax"/>
            <term name="list"/>
        </top_terms>
    </node>
    <node id="37">
        <parent_id>27</parent_id>
        <left_child>true</left_child>
        <left_child_id>100</left_child_id>
        <right_child_id>101</right_child_id>
        <doc_count>247</doc_count>
        <top_terms>
            <term name="ftp"/>
            <term name="images"/>
            <term name="image"/>
            <term name="gif"/>
            <term name="format"/>
        </top_terms>
    </node>
    <node id="38">
        <parent_id>5</parent_id>
        <left_child>true</left_child>
        <left_child_id>118</left_child_id>
        <right_child_id>119</right_child_id>
        <doc_count>499</doc_count>
        <top_terms>
            <term name="baseball"/>
            <term name="players"/>
            <term name="games"/>
            <term name="team"/>
            <term name="game"/>
        </top_terms>
    </node>
    <node id="39">
        <parent_id>5</parent_id>
        <left_child>true</left_child>
        <left_child_id>102</left_child_id>
        <right_child_id>103</right_child_id>
        <doc_count>602</doc_count>
        <top_terms>
            <term name="hockey"/>
            <term name="team"/>
            <term name="game"/>
            <term name="nhl"/>
            <term name="cup"/>
        </top_terms>
    </node>
    <node id="40">
        <parent_id>35</parent_id>
        <left_child>true</left_child>
        <left_child_id>88</left_child_id>
        <right_child_id>89</right_child_id>
        <doc_count>290</doc_count>
        <top_terms>
            <term name="gun"/>
            <term name="guns"/>
            <term name="firearms"/>
            <term name="weapons"/>
            <term name="crime"/>
        </top_terms>
    </node>
    <node id="41">
        <parent_id>35</parent_id>
        <left_child>true</left_child>
        <left_child_id>60</left_child_id>
        <right_child_id>61</right_child_id>
        <doc_count>330</doc_count>
        <top_terms>
            <term name="government"/>
            <term name="cramer"/>
            <term name="rights"/>
            <term name="gay"/>
            <term name="br"/>
        </top_terms>
    </node>
    <node id="42">
        <parent_id>20</parent_id>
        <left_child>true</left_child>
        <left_child_id>98</left_child_id>
        <right_child_id>99</right_child_id>
        <doc_count>280</doc_count>
        <top_terms>
            <term name="israeli"/>
            <term name="israel"/>
            <term name="arab"/>
            <term name="lebanese"/>
            <term name="israelis"/>
        </top_terms>
    </node>
    <node id="43">
        <parent_id>20</parent_id>
        <left_child>true</left_child>
        <left_child_id>90</left_child_id>
        <right_child_id>91</right_child_id>
        <doc_count>179</doc_count>
        <top_terms>
            <term name="turkish"/>
            <term name="armenians"/>
            <term name="armenian"/>
            <term name="armenia"/>
            <term name="turks"/>
        </top_terms>
    </node>
    <node id="44">
        <parent_id>36</parent_id>
        <left_child>true</left_child>
        <left_child_id>52</left_child_id>
        <right_child_id>53</right_child_id>
        <doc_count>534</doc_count>
        <top_terms>
            <term name="software"/>
            <term name="unix"/>
            <term name="program"/>
            <term name="mail"/>
            <term name="fax"/>
        </top_terms>
    </node>
    <node id="45">
        <parent_id>36</parent_id>
        <left_child>true</left_child>
        <left_child_id>-1</left_child_id>
        <right_child_id>-1</right_child_id>
        <doc_count>90</doc_count>
        <top_terms>
            <term name="address"/>
            <term name="mail"/>
            <term name="philips"/>
            <term name="dewinter"/>
            <term name="prl"/>
        </top_terms>
    </node>
    <node id="46">
        <parent_id>28</parent_id>
        <left_child>true</left_child>
        <left_child_id>64</left_child_id>
        <right_child_id>65</right_child_id>
        <doc_count>965</doc_count>
        <top_terms>
            <term name="card"/>
            <term name="video"/>
            <term name="monitor"/>
            <term name="mac"/>
            <term name="apple"/>
        </top_terms>
    </node>
    <node id="47">
        <parent_id>28</parent_id>
        <left_child>true</left_child>
        <left_child_id>-1</left_child_id>
        <right_child_id>-1</right_child_id>
        <doc_count>454</doc_count>
        <top_terms>
            <term name="sale"/>
            <term name="offer"/>
            <term name="shipping"/>
            <term name="condition"/>
            <term name="interested"/>
        </top_terms>
    </node>
    <node id="48">
        <parent_id>32</parent_id>
        <left_child>true</left_child>
        <left_child_id>-1</left_child_id>
        <right_child_id>-1</right_child_id>
        <doc_count>49</doc_count>
        <top_terms>
            <term name="truth"/>
            <term name="arrogance"/>
            <term name="christians"/>
            <term name="absolutes"/>
            <term name="absolute"/>
        </top_terms>
    </node>
    <node id="49">
        <parent_id>32</parent_id>
        <left_child>true</left_child>
        <left_child_id>54</left_child_id>
        <right_child_id>55</right_child_id>
        <doc_count>512</doc_count>
        <top_terms>
            <term name="god"/>
            <term name="religion"/>
            <term name="islam"/>
            <term name="atheism"/>
            <term name="atheist"/>
        </top_terms>
    </node>
    <node id="50">
        <parent_id>14</parent_id>
        <left_child>true</left_child>
        <left_child_id>-1</left_child_id>
        <right_child_id>-1</right_child_id>
        <doc_count>81</doc_count>
        <top_terms>
            <term name="msg"/>
            <term name="food"/>
            <term name="sensitivity"/>
            <term name="superstition"/>
            <term name="chinese"/>
        </top_terms>
    </node>
    <node id="51">
        <parent_id>14</parent_id>
        <left_child>true</left_child>
        <left_child_id>-1</left_child_id>
        <right_child_id>-1</right_child_id>
        <doc_count>156</doc_count>
        <top_terms>
            <term name="yeast"/>
            <term name="dyer"/>
            <term name="candida"/>
            <term name="noring"/>
            <term name="disease"/>
        </top_terms>
    </node>
    <node id="52">
        <parent_id>44</parent_id>
        <left_child>true</left_child>
        <left_child_id>-1</left_child_id>
        <right_child_id>-1</right_child_id>
        <doc_count>40</doc_count>
        <top_terms>
            <term name="key"/>
            <term name="u_c"/>
            <term name="k_p"/>
            <term name="bits"/>
            <term name="keys"/>
        </top_terms>
    </node>
    <node id="53">
        <parent_id>44</parent_id>
        <left_child>true</left_child>
        <left_child_id>56</left_child_id>
        <right_child_id>57</right_child_id>
        <doc_count>494</doc_count>
        <top_terms>
            <term name="software"/>
            <term name="mail"/>
            <term name="fax"/>
            <term name="program"/>
            <term name="email"/>
        </top_terms>
    </node>
    <node id="54">
        <parent_id>49</parent_id>
        <left_child>true</left_child>
        <left_child_id>-1</left_child_id>
        <right_child_id>-1</right_child_id>
        <doc_count>125</doc_count>
        <top_terms>
            <term name="islam"/>
            <term name="jews"/>
            <term name="israel"/>
            <term name="islamic"/>
            <term name="israeli"/>
        </top_terms>
    </node>
    <node id="55">
        <parent_id>49</parent_id>
        <left_child>true</left_child>
        <left_child_id>66</left_child_id>
        <right_child_id>67</right_child_id>
        <doc_count>355</doc_count>
        <top_terms>
            <term name="god"/>
            <term name="atheism"/>
            <term name="religion"/>
            <term name="atheist"/>
            <term name="christianity"/>
        </top_terms>
    </node>
    <node id="56">
        <parent_id>53</parent_id>
        <left_child>true</left_child>
        <left_child_id>70</left_child_id>
        <right_child_id>71</right_child_id>
        <doc_count>333</doc_count>
        <top_terms>
            <term name="software"/>
            <term name="mail"/>
            <term name="program"/>
            <term name="unix"/>
            <term name="list"/>
        </top_terms>
    </node>
    <node id="57">
        <parent_id>53</parent_id>
        <left_child>true</left_child>
        <left_child_id>-1</left_child_id>
        <right_child_id>-1</right_child_id>
        <doc_count>147</doc_count>
        <top_terms>
            <term name="ac"/>
            <term name="circuit"/>
            <term name="electronics"/>
            <term name="audio"/>
            <term name="university"/>
        </top_terms>
    </node>
    <node id="58">
        <parent_id>33</parent_id>
        <left_child>true</left_child>
        <left_child_id>68</left_child_id>
        <right_child_id>69</right_child_id>
        <doc_count>590</doc_count>
        <top_terms>
            <term name="god"/>
            <term name="jesus"/>
            <term name="christ"/>
            <term name="bible"/>
            <term name="church"/>
        </top_terms>
    </node>
    <node id="59">
        <parent_id>33</parent_id>
        <left_child>true</left_child>
        <left_child_id>-1</left_child_id>
        <right_child_id>-1</right_child_id>
        <doc_count>63</doc_count>
        <top_terms>
            <term name="georgia"/>
            <term name="uga"/>
            <term name="covington"/>
            <term name="mcovingt"/>
            <term name="ai"/>
        </top_terms>
    </node>
    <node id="60">
        <parent_id>41</parent_id>
        <left_child>true</left_child>
        <left_child_id>-1</left_child_id>
        <right_child_id>-1</right_child_id>
        <doc_count>47</doc_count>
        <top_terms>
            <term name="cramer"/>
            <term name="gay"/>
            <term name="clayton"/>
            <term name="optilink"/>
            <term name="homosexual"/>
        </top_terms>
    </node>
    <node id="61">
        <parent_id>41</parent_id>
        <left_child>true</left_child>
        <left_child_id>80</left_child_id>
        <right_child_id>81</right_child_id>
        <doc_count>259</doc_count>
        <top_terms>
            <term name="government"/>
            <term name="br"/>
            <term name="rights"/>
            <term name="isc"/>
            <term name="people"/>
        </top_terms>
    </node>
    <node id="62">
        <parent_id>30</parent_id>
        <left_child>true</left_child>
        <left_child_id>-1</left_child_id>
        <right_child_id>-1</right_child_id>
        <doc_count>81</doc_count>
        <top_terms>
            <term name="baalke"/>
            <term name="orbit"/>
            <term name="comet"/>
            <term name="jupiter"/>
            <term name="jpl"/>
        </top_terms>
    </node>
    <node id="63">
        <parent_id>30</parent_id>
        <left_child>true</left_child>
        <left_child_id>72</left_child_id>
        <right_child_id>73</right_child_id>
        <doc_count>412</doc_count>
        <top_terms>
            <term name="space"/>
            <term name="moon"/>
            <term name="nasa"/>
            <term name="alaska"/>
            <term name="billion"/>
        </top_terms>
    </node>
    <node id="64">
        <parent_id>46</parent_id>
        <left_child>true</left_child>
        <left_child_id>94</left_child_id>
        <right_child_id>95</right_child_id>
        <doc_count>645</doc_count>
        <top_terms>
            <term name="simms"/>
            <term name="mac"/>
            <term name="apple"/>
            <term name="centris"/>
            <term name="simm"/>
        </top_terms>
    </node>
    <node id="65">
        <parent_id>46</parent_id>
        <left_child>true</left_child>
        <left_child_id>-1</left_child_id>
        <right_child_id>-1</right_child_id>
        <doc_count>320</doc_count>
        <top_terms>
            <term name="card"/>
            <term name="video"/>
            <term name="monitor"/>
            <term name="vga"/>
            <term name="diamond"/>
        </top_terms>
    </node>
    <node id="66">
        <parent_id>55</parent_id>
        <left_child>true</left_child>
        <left_child_id>74</left_child_id>
        <right_child_id>75</right_child_id>
        <doc_count>329</doc_count>
        <top_terms>
            <term name="god"/>
            <term name="religion"/>
            <term name="atheist"/>
            <term name="atheism"/>
            <term name="exist"/>
        </top_terms>
    </node>
    <node id="67">
        <parent_id>55</parent_id>
        <left_child>true</left_child>
        <left_child_id>-1</left_child_id>
        <right_child_id>-1</right_child_id>
        <doc_count>26</doc_count>
        <top_terms>
            <term name="gay"/>
            <term name="homosexual"/>
            <term name="men"/>
            <term name="promiscuous"/>
            <term name="partners"/>
        </top_terms>
    </node>
    <node id="68">
        <parent_id>58</parent_id>
        <left_child>true</left_child>
        <left_child_id>-1</left_child_id>
        <right_child_id>-1</right_child_id>
        <doc_count>173</doc_count>
        <top_terms>
            <term name="church"/>
            <term name="catholic"/>
            <term name="sabbath"/>
            <term name="christians"/>
            <term name="bible"/>
        </top_terms>
    </node>
    <node id="69">
        <parent_id>58</parent_id>
        <left_child>true</left_child>
        <left_child_id>104</left_child_id>
        <right_child_id>105</right_child_id>
        <doc_count>417</doc_count>
        <top_terms>
            <term name="god"/>
            <term name="jesus"/>
            <term name="christ"/>
            <term name="bible"/>
            <term name="heaven"/>
        </top_terms>
    </node>
    <node id="70">
        <parent_id>56</parent_id>
        <left_child>true</left_child>
        <left_child_id>-1</left_child_id>
        <right_child_id>-1</right_child_id>
        <doc_count>76</doc_count>
        <top_terms>
            <term name="software"/>
            <term name="mailing"/>
            <term name="catalog"/>
            <term name="mail"/>
            <term name="engineering"/>
        </top_terms>
    </node>
    <node id="71">
        <parent_id>56</parent_id>
        <left_child>true</left_child>
        <left_child_id>82</left_child_id>
        <right_child_id>83</right_child_id>
        <doc_count>257</doc_count>
        <top_terms>
            <term name="program"/>
            <term name="unix"/>
            <term name="user"/>
            <term name="mail"/>
            <term name="code"/>
        </top_terms>
    </node>
    <node id="72">
        <parent_id>63</parent_id>
        <left_child>true</left_child>
        <left_child_id>-1</left_child_id>
        <right_child_id>-1</right_child_id>
        <doc_count>77</doc_count>
        <top_terms>
            <term name="alaska"/>
            <term name="moon"/>
            <term name="nsmca"/>
            <term name="billion"/>
            <term name="theporch"/>
        </top_terms>
    </node>
    <node id="73">
        <parent_id>63</parent_id>
        <left_child>true</left_child>
        <left_child_id>78</left_child_id>
        <right_child_id>79</right_child_id>
        <doc_count>335</doc_count>
        <top_terms>
            <term name="space"/>
            <term name="nasa"/>
            <term name="launch"/>
            <term name="dseg"/>
            <term name="ti"/>
        </top_terms>
    </node>
    <node id="74">
        <parent_id>66</parent_id>
        <left_child>true</left_child>
        <left_child_id>-1</left_child_id>
        <right_child_id>-1</right_child_id>
        <doc_count>102</doc_count>
        <top_terms>
            <term name="christianity"/>
            <term name="religion"/>
            <term name="christian"/>
            <term name="atheist"/>
            <term name="god"/>
        </top_terms>
    </node>
    <node id="75">
        <parent_id>66</parent_id>
        <left_child>true</left_child>
        <left_child_id>110</left_child_id>
        <right_child_id>111</right_child_id>
        <doc_count>217</doc_count>
        <top_terms>
            <term name="god"/>
            <term name="atheism"/>
            <term name="evidence"/>
            <term name="exist"/>
            <term name="existence"/>
        </top_terms>
    </node>
    <node id="76">
        <parent_id>17</parent_id>
        <left_child>true</left_child>
        <left_child_id>-1</left_child_id>
        <right_child_id>-1</right_child_id>
        <doc_count>47</doc_count>
        <top_terms>
            <term name="bmw"/>
            <term name="moa"/>
            <term name="___"/>
            <term name="nick"/>
            <term name="bnr"/>
        </top_terms>
    </node>
    <node id="77">
        <parent_id>17</parent_id>
        <left_child>true</left_child>
        <left_child_id>-1</left_child_id>
        <right_child_id>-1</right_child_id>
        <doc_count>394</doc_count>
        <top_terms>
            <term name="bike"/>
            <term name="dod"/>
            <term name="ride"/>
            <term name="motorcycle"/>
            <term name="riding"/>
        </top_terms>
    </node>
    <node id="78">
        <parent_id>73</parent_id>
        <left_child>true</left_child>
        <left_child_id>92</left_child_id>
        <right_child_id>93</right_child_id>
        <doc_count>284</doc_count>
        <top_terms>
            <term name="space"/>
            <term name="nasa"/>
            <term name="launch"/>
            <term name="moon"/>
            <term name="lunar"/>
        </top_terms>
    </node>
    <node id="79">
        <parent_id>73</parent_id>
        <left_child>true</left_child>
        <left_child_id>-1</left_child_id>
        <right_child_id>-1</right_child_id>
        <doc_count>51</doc_count>
        <top_terms>
            <term name="dseg"/>
            <term name="ti"/>
            <term name="mccall"/>
            <term name="fred"/>
            <term name="mksol"/>
        </top_terms>
    </node>
    <node id="80">
        <parent_id>61</parent_id>
        <left_child>true</left_child>
        <left_child_id>-1</left_child_id>
        <right_child_id>-1</right_child_id>
        <doc_count>23</doc_count>
        <top_terms>
            <term name="militia"/>
            <term name="amendment"/>
            <term name="ulowell"/>
            <term name="rutledge"/>
            <term name="regulated"/>
        </top_terms>
    </node>
    <node id="81">
        <parent_id>61</parent_id>
        <left_child>true</left_child>
        <left_child_id>106</left_child_id>
        <right_child_id>107</right_child_id>
        <doc_count>236</doc_count>
        <top_terms>
            <term name="president"/>
            <term name="government"/>
            <term name="trial"/>
            <term name="rights"/>
            <term name="law"/>
        </top_terms>
    </node>
    <node id="82">
        <parent_id>71</parent_id>
        <left_child>true</left_child>
        <left_child_id>84</left_child_id>
        <right_child_id>85</right_child_id>
        <doc_count>239</doc_count>
        <top_terms>
            <term name="mail"/>
            <term name="program"/>
            <term name="unix"/>
            <term name="software"/>
            <term name="fax"/>
        </top_terms>
    </node>
    <node id="83">
        <parent_id>71</parent_id>
        <left_child>true</left_child>
        <left_child_id>-1</left_child_id>
        <right_child_id>-1</right_child_id>
        <doc_count>7</doc_count>
        <top_terms>
            <term name="obfuscated"/>
            <term name="ioccc"/>
            <term name="entry"/>
            <term name="landon"/>
            <term name="noll"/>
        </top_terms>
    </node>
    <node id="84">
        <parent_id>82</parent_id>
        <left_child>true</left_child>
        <left_child_id>-1</left_child_id>
        <right_child_id>-1</right_child_id>
        <doc_count>147</doc_count>
        <top_terms>
            <term name="motif"/>
            <term name="software"/>
            <term name="code"/>
            <term name="unix"/>
            <term name="program"/>
        </top_terms>
    </node>
    <node id="85">
        <parent_id>82</parent_id>
        <left_child>true</left_child>
        <left_child_id>-1</left_child_id>
        <right_child_id>-1</right_child_id>
        <doc_count>92</doc_count>
        <top_terms>
            <term name="internet"/>
            <term name="mail"/>
            <term name="access"/>
            <term name="telnet"/>
            <term name="fax"/>
        </top_terms>
    </node>
    <node id="86">
        <parent_id>13</parent_id>
        <left_child>true</left_child>
        <left_child_id>-1</left_child_id>
        <right_child_id>-1</right_child_id>
        <doc_count>544</doc_count>
        <top_terms>
            <term name="windows"/>
            <term name="dos"/>
            <term name="file"/>
            <term name="files"/>
            <term name="ms"/>
        </top_terms>
    </node>
    <node id="87">
        <parent_id>13</parent_id>
        <left_child>true</left_child>
        <left_child_id>-1</left_child_id>
        <right_child_id>-1</right_child_id>
        <doc_count>146</doc_count>
        <top_terms>
            <term name="drivers"/>
            <term name="driver"/>
            <term name="windows"/>
            <term name="mouse"/>
            <term name="card"/>
        </top_terms>
    </node>
    <node id="88">
        <parent_id>40</parent_id>
        <left_child>true</left_child>
        <left_child_id>-1</left_child_id>
        <right_child_id>-1</right_child_id>
        <doc_count>251</doc_count>
        <top_terms>
            <term name="gun"/>
            <term name="guns"/>
            <term name="firearms"/>
            <term name="weapons"/>
            <term name="crime"/>
        </top_terms>
    </node>
    <node id="89">
        <parent_id>40</parent_id>
        <left_child>true</left_child>
        <left_child_id>-1</left_child_id>
        <right_child_id>-1</right_child_id>
        <doc_count>39</doc_count>
        <top_terms>
            <term name="kratz"/>
            <term name="uicvm"/>
            <term name="uic"/>
            <term name="gun"/>
            <term name="jason"/>
        </top_terms>
    </node>
    <node id="90">
        <parent_id>43</parent_id>
        <left_child>true</left_child>
        <left_child_id>-1</left_child_id>
        <right_child_id>-1</right_child_id>
        <doc_count>69</doc_count>
        <top_terms>
            <term name="turkish"/>
            <term name="turkey"/>
            <term name="armenia"/>
            <term name="cyprus"/>
            <term name="greek"/>
        </top_terms>
    </node>
    <node id="91">
        <parent_id>43</parent_id>
        <left_child>true</left_child>
        <left_child_id>-1</left_child_id>
        <right_child_id>-1</right_child_id>
        <doc_count>110</doc_count>
        <top_terms>
            <term name="armenian"/>
            <term name="armenians"/>
            <term name="turkish"/>
            <term name="turks"/>
            <term name="soviet"/>
        </top_terms>
    </node>
    <node id="92">
        <parent_id>78</parent_id>
        <left_child>true</left_child>
        <left_child_id>-1</left_child_id>
        <right_child_id>-1</right_child_id>
        <doc_count>33</doc_count>
        <top_terms>
            <term name="enzo"/>
            <term name="sky"/>
            <term name="canon"/>
            <term name="vandalizing"/>
            <term name="oz"/>
        </top_terms>
    </node>
    <node id="93">
        <parent_id>78</parent_id>
        <left_child>true</left_child>
        <left_child_id>96</left_child_id>
        <right_child_id>97</right_child_id>
        <doc_count>251</doc_count>
        <top_terms>
            <term name="space"/>
            <term name="nasa"/>
            <term name="lunar"/>
            <term name="launch"/>
            <term name="shuttle"/>
        </top_terms>
    </node>
    <node id="94">
        <parent_id>64</parent_id>
        <left_child>true</left_child>
        <left_child_id>124</left_child_id>
        <right_child_id>125</right_child_id>
        <doc_count>524</doc_count>
        <top_terms>
            <term name="mac"/>
            <term name="apple"/>
            <term name="modem"/>
            <term name="serial"/>
            <term name="fpu"/>
        </top_terms>
    </node>
    <node id="95">
        <parent_id>64</parent_id>
        <left_child>true</left_child>
        <left_child_id>-1</left_child_id>
        <right_child_id>-1</right_child_id>
        <doc_count>87</doc_count>
        <top_terms>
            <term name="simms"/>
            <term name="simm"/>
            <term name="256k"/>
            <term name="ram"/>
            <term name="vram"/>
        </top_terms>
    </node>
    <node id="96">
        <parent_id>93</parent_id>
        <left_child>true</left_child>
        <left_child_id>108</left_child_id>
        <right_child_id>109</right_child_id>
        <doc_count>220</doc_count>
        <top_terms>
            <term name="space"/>
            <term name="nasa"/>
            <term name="launch"/>
            <term name="shuttle"/>
            <term name="station"/>
        </top_terms>
    </node>
    <node id="97">
        <parent_id>93</parent_id>
        <left_child>true</left_child>
        <left_child_id>-1</left_child_id>
        <right_child_id>-1</right_child_id>
        <doc_count>31</doc_count>
        <top_terms>
            <term name="manned"/>
            <term name="exploration"/>
            <term name="lunar"/>
            <term name="higgins"/>
            <term name="crystal"/>
        </top_terms>
    </node>
    <node id="98">
        <parent_id>42</parent_id>
        <left_child>true</left_child>
        <left_child_id>-1</left_child_id>
        <right_child_id>-1</right_child_id>
        <doc_count>70</doc_count>
        <top_terms>
            <term name="lebanese"/>
            <term name="lebanon"/>
            <term name="israel"/>
            <term name="israeli"/>
            <term name="hernlem"/>
        </top_terms>
    </node>
    <node id="99">
        <parent_id>42</parent_id>
        <left_child>true</left_child>
        <left_child_id>-1</left_child_id>
        <right_child_id>-1</right_child_id>
        <doc_count>210</doc_count>
        <top_terms>
            <term name="israeli"/>
            <term name="israel"/>
            <term name="jews"/>
            <term name="arab"/>
            <term name="igc"/>
        </top_terms>
    </node>
    <node id="100">
        <parent_id>37</parent_id>
        <left_child>true</left_child>
        <left_child_id>-1</left_child_id>
        <right_child_id>-1</right_child_id>
        <doc_count>101</doc_count>
        <top_terms>
            <term name="ftp"/>
            <term name="sites"/>
            <term name="pub"/>
            <term name="site"/>
            <term name="anonymous"/>
        </top_terms>
    </node>
    <node id="101">
        <parent_id>37</parent_id>
        <left_child>true</left_child>
        <left_child_id>-1</left_child_id>
        <right_child_id>-1</right_child_id>
        <doc_count>137</doc_count>
        <top_terms>
            <term name="image"/>
            <term name="images"/>
            <term name="format"/>
            <term name="tiff"/>
            <term name="gif"/>
        </top_terms>
    </node>
    <node id="102">
        <parent_id>39</parent_id>
        <left_child>true</left_child>
        <left_child_id>-1</left_child_id>
        <right_child_id>-1</right_child_id>
        <doc_count>244</doc_count>
        <top_terms>
            <term name="nhl"/>
            <term name="hockey"/>
            <term name="team"/>
            <term name="players"/>
            <term name="play"/>
        </top_terms>
    </node>
    <node id="103">
        <parent_id>39</parent_id>
        <left_child>true</left_child>
        <left_child_id>-1</left_child_id>
        <right_child_id>-1</right_child_id>
        <doc_count>358</doc_count>
        <top_terms>
            <term name="game"/>
            <term name="devils"/>
            <term name="cup"/>
            <term name="playoff"/>
            <term name="stanley"/>
        </top_terms>
    </node>
    <node id="104">
        <parent_id>69</parent_id>
        <left_child>true</left_child>
        <left_child_id>114</left_child_id>
        <right_child_id>115</right_child_id>
        <doc_count>354</doc_count>
        <top_terms>
            <term name="god"/>
            <term name="jesus"/>
            <term name="christ"/>
            <term name="bible"/>
            <term name="christian"/>
        </top_terms>
    </node>
    <node id="105">
        <parent_id>69</parent_id>
        <left_child>true</left_child>
        <left_child_id>-1</left_child_id>
        <right_child_id>-1</right_child_id>
        <doc_count>41</doc_count>
        <top_terms>
            <term name="hell"/>
            <term name="eternal"/>
            <term name="atheists"/>
            <term name="heaven"/>
            <term name="die"/>
        </top_terms>
    </node>
    <node id="106">
        <parent_id>81</parent_id>
        <left_child>true</left_child>
        <left_child_id>-1</left_child_id>
        <right_child_id>-1</right_child_id>
        <doc_count>28</doc_count>
        <top_terms>
            <term name="trial"/>
            <term name="gm"/>
            <term name="witnesses"/>
            <term name="jury"/>
            <term name="verdict"/>
        </top_terms>
    </node>
    <node id="107">
        <parent_id>81</parent_id>
        <left_child>true</left_child>
        <left_child_id>116</left_child_id>
        <right_child_id>117</right_child_id>
        <doc_count>196</doc_count>
        <top_terms>
            <term name="president"/>
            <term name="government"/>
            <term name="country"/>
            <term name="people"/>
            <term name="senate"/>
        </top_terms>
    </node>
    <node id="108">
        <parent_id>96</parent_id>
        <left_child>true</left_child>
        <left_child_id>112</left_child_id>
        <right_child_id>113</right_child_id>
        <doc_count>209</doc_count>
        <top_terms>
            <term name="space"/>
            <term name="nasa"/>
            <term name="shuttle"/>
            <term name="launch"/>
            <term name="station"/>
        </top_terms>
    </node>
    <node id="109">
        <parent_id>96</parent_id>
        <left_child>true</left_child>
        <left_child_id>-1</left_child_id>
        <right_child_id>-1</right_child_id>
        <doc_count>11</doc_count>
        <top_terms>
            <term name="proton"/>
            <term name="centaur"/>
            <term name="calpoly"/>
            <term name="combo"/>
            <term name="possiblity"/>
        </top_terms>
    </node>
    <node id="110">
        <parent_id>75</parent_id>
        <left_child>true</left_child>
        <left_child_id>-1</left_child_id>
        <right_child_id>-1</right_child_id>
        <doc_count>17</doc_count>
        <top_terms>
            <term name="joslin"/>
            <term name="context"/>
            <term name="meritt"/>
            <term name="mwunix"/>
            <term name="m23364"/>
        </top_terms>
    </node>
    <node id="111">
        <parent_id>75</parent_id>
        <left_child>true</left_child>
        <left_child_id>-1</left_child_id>
        <right_child_id>-1</right_child_id>
        <doc_count>200</doc_count>
        <top_terms>
            <term name="god"/>
            <term name="atheism"/>
            <term name="exist"/>
            <term name="atheists"/>
            <term name="existence"/>
        </top_terms>
    </node>
    <node id="112">
        <parent_id>108</parent_id>
        <left_child>true</left_child>
        <left_child_id>-1</left_child_id>
        <right_child_id>-1</right_child_id>
        <doc_count>131</doc_count>
        <top_terms>
            <term name="space"/>
            <term name="lunar"/>
            <term name="moon"/>
            <term name="dc"/>
            <term name="solar"/>
        </top_terms>
    </node>
    <node id="113">
        <parent_id>108</parent_id>
        <left_child>true</left_child>
        <left_child_id>-1</left_child_id>
        <right_child_id>-1</right_child_id>
        <doc_count>55</doc_count>
        <top_terms>
            <term name="nasa"/>
            <term name="space"/>
            <term name="station"/>
            <term name="shuttle"/>
            <term name="gov"/>
        </top_terms>
    </node>
    <node id="114">
        <parent_id>104</parent_id>
        <left_child>true</left_child>
        <left_child_id>122</left_child_id>
        <right_child_id>123</right_child_id>
        <doc_count>314</doc_count>
        <top_terms>
            <term name="jesus"/>
            <term name="god"/>
            <term name="christ"/>
            <term name="bible"/>
            <term name="christians"/>
        </top_terms>
    </node>
    <node id="115">
        <parent_id>104</parent_id>
        <left_child>true</left_child>
        <left_child_id>-1</left_child_id>
        <right_child_id>-1</right_child_id>
        <doc_count>40</doc_count>
        <top_terms>
            <term name="verse"/>
            <term name="faith"/>
            <term name="romans"/>
            <term name="daily"/>
            <term name="god"/>
        </top_terms>
    </node>
    <node id="116">
        <parent_id>107</parent_id>
        <left_child>true</left_child>
        <left_child_id>-1</left_child_id>
        <right_child_id>-1</right_child_id>
        <doc_count>28</doc_count>
        <top_terms>
            <term name="desy"/>
            <term name="hallam"/>
            <term name="ipser"/>
            <term name="dscomsa"/>
            <term name="phill"/>
        </top_terms>
    </node>
    <node id="117">
        <parent_id>107</parent_id>
        <left_child>true</left_child>
        <left_child_id>120</left_child_id>
        <right_child_id>121</right_child_id>
        <doc_count>168</doc_count>
        <top_terms>
            <term name="president"/>
            <term name="law"/>
            <term name="people"/>
            <term name="war"/>
            <term name="government"/>
        </top_terms>
    </node>
    <node id="118">
        <parent_id>38</parent_id>
        <left_child>true</left_child>
        <left_child_id>-1</left_child_id>
        <right_child_id>-1</right_child_id>
        <doc_count>108</doc_count>
        <top_terms>
            <term name="alomar"/>
            <term name="baerga"/>
            <term name="rbi"/>
            <term name="obp"/>
            <term name="rbis"/>
        </top_terms>
    </node>
    <node id="119">
        <parent_id>38</parent_id>
        <left_child>true</left_child>
        <left_child_id>-1</left_child_id>
        <right_child_id>-1</right_child_id>
        <doc_count>391</doc_count>
        <top_terms>
            <term name="games"/>
            <term name="pitching"/>
            <term name="braves"/>
            <term name="team"/>
            <term name="game"/>
        </top_terms>
    </node>
    <node id="120">
        <parent_id>117</parent_id>
        <left_child>true</left_child>
        <left_child_id>-1</left_child_id>
        <right_child_id>-1</right_child_id>
        <doc_count>39</doc_count>
        <top_terms>
            <term name="president"/>
            <term name="jobs"/>
            <term name="clinton"/>
            <term name="secretary"/>
            <term name="press"/>
        </top_terms>
    </node>
    <node id="121">
        <parent_id>117</parent_id>
        <left_child>true</left_child>
        <left_child_id>-1</left_child_id>
        <right_child_id>-1</right_child_id>
        <doc_count>129</doc_count>
        <top_terms>
            <term name="war"/>
            <term name="law"/>
            <term name="government"/>
            <term name="rights"/>
            <term name="people"/>
        </top_terms>
    </node>
    <node id="122">
        <parent_id>114</parent_id>
        <left_child>true</left_child>
        <left_child_id>-1</left_child_id>
        <right_child_id>-1</right_child_id>
        <doc_count>250</doc_count>
        <top_terms>
            <term name="god"/>
            <term name="jesus"/>
            <term name="bible"/>
            <term name="christ"/>
            <term name="sin"/>
        </top_terms>
    </node>
    <node id="123">
        <parent_id>114</parent_id>
        <left_child>true</left_child>
        <left_child_id>-1</left_child_id>
        <right_child_id>-1</right_child_id>
        <doc_count>60</doc_count>
        <top_terms>
            <term name="christ"/>
            <term name="resurrection"/>
            <term name="jesus"/>
            <term name="christians"/>
            <term name="christianity"/>
        </top_terms>
    </node>
    <node id="124">
        <parent_id>94</parent_id>
        <left_child>true</left_child>
        <left_child_id>-1</left_child_id>
        <right_child_id>-1</right_child_id>
        <doc_count>299</doc_count>
        <top_terms>
            <term name="mac"/>
            <term name="apple"/>
            <term name="fpu"/>
            <term name="centris"/>
            <term name="duo"/>
        </top_terms>
    </node>
    <node id="125">
        <parent_id>94</parent_id>
        <left_child>true</left_child>
        <left_child_id>-1</left_child_id>
        <right_child_id>-1</right_child_id>
        <doc_count>217</doc_count>
        <top_terms>
            <term name="modem"/>
            <term name="serial"/>
            <term name="port"/>
            <term name="ports"/>
            <term name="connector"/>
        </top_terms>
    </node>
</DataSet>
