<?xml version="1.0"?>
<DataSet id="10478">
    <node id="0">
        <parent_id>-1</parent_id>
        <left_child>true</left_child>
        <left_child_id>2</left_child_id>
        <right_child_id>3</right_child_id>
        <doc_count>7214</doc_count>
        <top_terms>
            <term name="people"/>
            <term name="god"/>
            <term name="don"/>
            <term name="article"/>
            <term name="writes"/>
        </top_terms>
    </node>
    <node id="1">
        <parent_id>-1</parent_id>
        <left_child>true</left_child>
        <left_child_id>10</left_child_id>
        <right_child_id>11</right_child_id>
        <doc_count>4023</doc_count>
        <top_terms>
            <term name="windows"/>
            <term name="card"/>
            <term name="drive"/>
            <term name="dos"/>
            <term name="pc"/>
        </top_terms>
    </node>
    <node id="2">
        <parent_id>0</parent_id>
        <left_child>true</left_child>
        <left_child_id>4</left_child_id>
        <right_child_id>5</right_child_id>
        <doc_count>4548</doc_count>
        <top_terms>
            <term name="government"/>
            <term name="people"/>
            <term name="clipper"/>
            <term name="encryption"/>
            <term name="key"/>
        </top_terms>
    </node>
    <node id="3">
        <parent_id>0</parent_id>
        <left_child>true</left_child>
        <left_child_id>14</left_child_id>
        <right_child_id>15</right_child_id>
        <doc_count>2666</doc_count>
        <top_terms>
            <term name="god"/>
            <term name="jesus"/>
            <term name="christian"/>
            <term name="christians"/>
            <term name="bible"/>
        </top_terms>
    </node>
    <node id="4">
        <parent_id>2</parent_id>
        <left_child>true</left_child>
        <left_child_id>6</left_child_id>
        <right_child_id>7</right_child_id>
        <doc_count>4078</doc_count>
        <top_terms>
            <term name="people"/>
            <term name="don"/>
            <term name="article"/>
            <term name="gun"/>
            <term name="car"/>
        </top_terms>
    </node>
    <node id="5">
        <parent_id>2</parent_id>
        <left_child>true</left_child>
        <left_child_id>58</left_child_id>
        <right_child_id>59</right_child_id>
        <doc_count>439</doc_count>
        <top_terms>
            <term name="clipper"/>
            <term name="encryption"/>
            <term name="key"/>
            <term name="chip"/>
            <term name="escrow"/>
        </top_terms>
    </node>
    <node id="6">
        <parent_id>4</parent_id>
        <left_child>true</left_child>
        <left_child_id>36</left_child_id>
        <right_child_id>37</right_child_id>
        <doc_count>748</doc_count>
        <top_terms>
            <term name="gun"/>
            <term name="guns"/>
            <term name="batf"/>
            <term name="fbi"/>
            <term name="weapons"/>
        </top_terms>
    </node>
    <node id="7">
        <parent_id>4</parent_id>
        <left_child>true</left_child>
        <left_child_id>8</left_child_id>
        <right_child_id>9</right_child_id>
        <doc_count>3330</doc_count>
        <top_terms>
            <term name="israel"/>
            <term name="car"/>
            <term name="israeli"/>
            <term name="people"/>
            <term name="article"/>
        </top_terms>
    </node>
    <node id="8">
        <parent_id>7</parent_id>
        <left_child>true</left_child>
        <left_child_id>38</left_child_id>
        <right_child_id>39</right_child_id>
        <doc_count>546</doc_count>
        <top_terms>
            <term name="israel"/>
            <term name="israeli"/>
            <term name="turkish"/>
            <term name="jews"/>
            <term name="arab"/>
        </top_terms>
    </node>
    <node id="9">
        <parent_id>7</parent_id>
        <left_child>true</left_child>
        <left_child_id>12</left_child_id>
        <right_child_id>13</right_child_id>
        <doc_count>2784</doc_count>
        <top_terms>
            <term name="car"/>
            <term name="space"/>
            <term name="bike"/>
            <term name="article"/>
            <term name="don"/>
        </top_terms>
    </node>
    <node id="10">
        <parent_id>1</parent_id>
        <left_child>true</left_child>
        <left_child_id>18</left_child_id>
        <right_child_id>19</right_child_id>
        <doc_count>2162</doc_count>
        <top_terms>
            <term name="windows"/>
            <term name="file"/>
            <term name="dos"/>
            <term name="files"/>
            <term name="window"/>
        </top_terms>
    </node>
    <node id="11">
        <parent_id>1</parent_id>
        <left_child>true</left_child>
        <left_child_id>28</left_child_id>
        <right_child_id>29</right_child_id>
        <doc_count>1861</doc_count>
        <top_terms>
            <term name="drive"/>
            <term name="card"/>
            <term name="scsi"/>
            <term name="ide"/>
            <term name="sale"/>
        </top_terms>
    </node>
    <node id="12">
        <parent_id>9</parent_id>
        <left_child>true</left_child>
        <left_child_id>34</left_child_id>
        <right_child_id>35</right_child_id>
        <doc_count>531</doc_count>
        <top_terms>
            <term name="space"/>
            <term name="nasa"/>
            <term name="henry"/>
            <term name="moon"/>
            <term name="orbit"/>
        </top_terms>
    </node>
    <node id="13">
        <parent_id>9</parent_id>
        <left_child>true</left_child>
        <left_child_id>16</left_child_id>
        <right_child_id>17</right_child_id>
        <doc_count>2128</doc_count>
        <top_terms>
            <term name="car"/>
            <term name="bike"/>
            <term name="dod"/>
            <term name="don"/>
            <term name="cars"/>
        </top_terms>
    </node>
    <node id="14">
        <parent_id>3</parent_id>
        <left_child>true</left_child>
        <left_child_id>40</left_child_id>
        <right_child_id>41</right_child_id>
        <doc_count>1185</doc_count>
        <top_terms>
            <term name="team"/>
            <term name="game"/>
            <term name="hockey"/>
            <term name="games"/>
            <term name="players"/>
        </top_terms>
    </node>
    <node id="15">
        <parent_id>3</parent_id>
        <left_child>true</left_child>
        <left_child_id>30</left_child_id>
        <right_child_id>31</right_child_id>
        <doc_count>1481</doc_count>
        <top_terms>
            <term name="god"/>
            <term name="jesus"/>
            <term name="christian"/>
            <term name="christians"/>
            <term name="bible"/>
        </top_terms>
    </node>
    <node id="16">
        <parent_id>13</parent_id>
        <left_child>true</left_child>
        <left_child_id>22</left_child_id>
        <right_child_id>23</right_child_id>
        <doc_count>778</doc_count>
        <top_terms>
            <term name="msg"/>
            <term name="cramer"/>
            <term name="food"/>
            <term name="people"/>
            <term name="optilink"/>
        </top_terms>
    </node>
    <node id="17">
        <parent_id>13</parent_id>
        <left_child>true</left_child>
        <left_child_id>24</left_child_id>
        <right_child_id>25</right_child_id>
        <doc_count>1189</doc_count>
        <top_terms>
            <term name="car"/>
            <term name="bike"/>
            <term name="dod"/>
            <term name="cars"/>
            <term name="ride"/>
        </top_terms>
    </node>
    <node id="18">
        <parent_id>10</parent_id>
        <left_child>true</left_child>
        <left_child_id>20</left_child_id>
        <right_child_id>21</right_child_id>
        <doc_count>1465</doc_count>
        <top_terms>
            <term name="window"/>
            <term name="graphics"/>
            <term name="server"/>
            <term name="program"/>
            <term name="motif"/>
        </top_terms>
    </node>
    <node id="19">
        <parent_id>10</parent_id>
        <left_child>true</left_child>
        <left_child_id>94</left_child_id>
        <right_child_id>95</right_child_id>
        <doc_count>697</doc_count>
        <top_terms>
            <term name="windows"/>
            <term name="dos"/>
            <term name="file"/>
            <term name="files"/>
            <term name="ms"/>
        </top_terms>
    </node>
    <node id="20">
        <parent_id>18</parent_id>
        <left_child>true</left_child>
        <left_child_id>26</left_child_id>
        <right_child_id>27</right_child_id>
        <doc_count>1003</doc_count>
        <top_terms>
            <term name="graphics"/>
            <term name="ftp"/>
            <term name="mail"/>
            <term name="software"/>
            <term name="program"/>
        </top_terms>
    </node>
    <node id="21">
        <parent_id>18</parent_id>
        <left_child>true</left_child>
        <left_child_id>120</left_child_id>
        <right_child_id>121</right_child_id>
        <doc_count>440</doc_count>
        <top_terms>
            <term name="window"/>
            <term name="server"/>
            <term name="motif"/>
            <term name="application"/>
            <term name="x11r5"/>
        </top_terms>
    </node>
    <node id="22">
        <parent_id>16</parent_id>
        <left_child>true</left_child>
        <left_child_id>86</left_child_id>
        <right_child_id>87</right_child_id>
        <doc_count>228</doc_count>
        <top_terms>
            <term name="disease"/>
            <term name="yeast"/>
            <term name="candida"/>
            <term name="patients"/>
            <term name="doctor"/>
        </top_terms>
    </node>
    <node id="23">
        <parent_id>16</parent_id>
        <left_child>true</left_child>
        <left_child_id>-1</left_child_id>
        <right_child_id>-1</right_child_id>
        <doc_count>550</doc_count>
        <top_terms>
            <term name="clinton"/>
            <term name="health"/>
            <term name="people"/>
            <term name="government"/>
            <term name="president"/>
        </top_terms>
    </node>
    <node id="24">
        <parent_id>17</parent_id>
        <left_child>true</left_child>
        <left_child_id>52</left_child_id>
        <right_child_id>53</right_child_id>
        <doc_count>580</doc_count>
        <top_terms>
            <term name="car"/>
            <term name="cars"/>
            <term name="engine"/>
            <term name="dealer"/>
            <term name="price"/>
        </top_terms>
    </node>
    <node id="25">
        <parent_id>17</parent_id>
        <left_child>true</left_child>
        <left_child_id>74</left_child_id>
        <right_child_id>75</right_child_id>
        <doc_count>452</doc_count>
        <top_terms>
            <term name="bike"/>
            <term name="dod"/>
            <term name="ride"/>
            <term name="riding"/>
            <term name="motorcycle"/>
        </top_terms>
    </node>
    <node id="26">
        <parent_id>20</parent_id>
        <left_child>true</left_child>
        <left_child_id>42</left_child_id>
        <right_child_id>43</right_child_id>
        <doc_count>869</doc_count>
        <top_terms>
            <term name="mail"/>
            <term name="ftp"/>
            <term name="software"/>
            <term name="image"/>
            <term name="address"/>
        </top_terms>
    </node>
    <node id="27">
        <parent_id>20</parent_id>
        <left_child>true</left_child>
        <left_child_id>-1</left_child_id>
        <right_child_id>-1</right_child_id>
        <doc_count>134</doc_count>
        <top_terms>
            <term name="graphics"/>
            <term name="3d"/>
            <term name="library"/>
            <term name="package"/>
            <term name="hidden"/>
        </top_terms>
    </node>
    <node id="28">
        <parent_id>11</parent_id>
        <left_child>true</left_child>
        <left_child_id>-1</left_child_id>
        <right_child_id>-1</right_child_id>
        <doc_count>442</doc_count>
        <top_terms>
            <term name="scsi"/>
            <term name="drive"/>
            <term name="ide"/>
            <term name="controller"/>
            <term name="drives"/>
        </top_terms>
    </node>
    <node id="29">
        <parent_id>11</parent_id>
        <left_child>true</left_child>
        <left_child_id>46</left_child_id>
        <right_child_id>47</right_child_id>
        <doc_count>1419</doc_count>
        <top_terms>
            <term name="card"/>
            <term name="sale"/>
            <term name="monitor"/>
            <term name="video"/>
            <term name="mac"/>
        </top_terms>
    </node>
    <node id="30">
        <parent_id>15</parent_id>
        <left_child>true</left_child>
        <left_child_id>32</left_child_id>
        <right_child_id>33</right_child_id>
        <doc_count>1263</doc_count>
        <top_terms>
            <term name="god"/>
            <term name="jesus"/>
            <term name="christians"/>
            <term name="bible"/>
            <term name="christian"/>
        </top_terms>
    </node>
    <node id="31">
        <parent_id>15</parent_id>
        <left_child>true</left_child>
        <left_child_id>-1</left_child_id>
        <right_child_id>-1</right_child_id>
        <doc_count>218</doc_count>
        <top_terms>
            <term name="morality"/>
            <term name="keith"/>
            <term name="objective"/>
            <term name="livesey"/>
            <term name="atheists"/>
        </top_terms>
    </node>
    <node id="32">
        <parent_id>30</parent_id>
        <left_child>true</left_child>
        <left_child_id>62</left_child_id>
        <right_child_id>63</right_child_id>
        <doc_count>569</doc_count>
        <top_terms>
            <term name="jesus"/>
            <term name="god"/>
            <term name="christ"/>
            <term name="christians"/>
            <term name="christian"/>
        </top_terms>
    </node>
    <node id="33">
        <parent_id>30</parent_id>
        <left_child>true</left_child>
        <left_child_id>48</left_child_id>
        <right_child_id>49</right_child_id>
        <doc_count>601</doc_count>
        <top_terms>
            <term name="god"/>
            <term name="religion"/>
            <term name="atheism"/>
            <term name="christianity"/>
            <term name="truth"/>
        </top_terms>
    </node>
    <node id="34">
        <parent_id>12</parent_id>
        <left_child>true</left_child>
        <left_child_id>-1</left_child_id>
        <right_child_id>-1</right_child_id>
        <doc_count>70</doc_count>
        <top_terms>
            <term name="henry"/>
            <term name="zoo"/>
            <term name="toronto"/>
            <term name="spencer"/>
            <term name="zoology"/>
        </top_terms>
    </node>
    <node id="35">
        <parent_id>12</parent_id>
        <left_child>true</left_child>
        <left_child_id>76</left_child_id>
        <right_child_id>77</right_child_id>
        <doc_count>461</doc_count>
        <top_terms>
            <term name="space"/>
            <term name="nasa"/>
            <term name="moon"/>
            <term name="orbit"/>
            <term name="gov"/>
        </top_terms>
    </node>
    <node id="36">
        <parent_id>6</parent_id>
        <left_child>true</left_child>
        <left_child_id>60</left_child_id>
        <right_child_id>61</right_child_id>
        <doc_count>517</doc_count>
        <top_terms>
            <term name="gun"/>
            <term name="guns"/>
            <term name="firearms"/>
            <term name="weapons"/>
            <term name="crime"/>
        </top_terms>
    </node>
    <node id="37">
        <parent_id>6</parent_id>
        <left_child>true</left_child>
        <left_child_id>-1</left_child_id>
        <right_child_id>-1</right_child_id>
        <doc_count>231</doc_count>
        <top_terms>
            <term name="fbi"/>
            <term name="batf"/>
            <term name="waco"/>
            <term name="atf"/>
            <term name="fire"/>
        </top_terms>
    </node>
    <node id="38">
        <parent_id>8</parent_id>
        <left_child>true</left_child>
        <left_child_id>98</left_child_id>
        <right_child_id>99</right_child_id>
        <doc_count>169</doc_count>
        <top_terms>
            <term name="turkish"/>
            <term name="armenians"/>
            <term name="armenian"/>
            <term name="armenia"/>
            <term name="turks"/>
        </top_terms>
    </node>
    <node id="39">
        <parent_id>8</parent_id>
        <left_child>true</left_child>
        <left_child_id>96</left_child_id>
        <right_child_id>97</right_child_id>
        <doc_count>377</doc_count>
        <top_terms>
            <term name="israel"/>
            <term name="israeli"/>
            <term name="arab"/>
            <term name="jews"/>
            <term name="arabs"/>
        </top_terms>
    </node>
    <node id="40">
        <parent_id>14</parent_id>
        <left_child>true</left_child>
        <left_child_id>102</left_child_id>
        <right_child_id>103</right_child_id>
        <doc_count>602</doc_count>
        <top_terms>
            <term name="hockey"/>
            <term name="team"/>
            <term name="game"/>
            <term name="nhl"/>
            <term name="cup"/>
        </top_terms>
    </node>
    <node id="41">
        <parent_id>14</parent_id>
        <left_child>true</left_child>
        <left_child_id>108</left_child_id>
        <right_child_id>109</right_child_id>
        <doc_count>583</doc_count>
        <top_terms>
            <term name="baseball"/>
            <term name="players"/>
            <term name="games"/>
            <term name="game"/>
            <term name="team"/>
        </top_terms>
    </node>
    <node id="42">
        <parent_id>26</parent_id>
        <left_child>true</left_child>
        <left_child_id>44</left_child_id>
        <right_child_id>45</right_child_id>
        <doc_count>668</doc_count>
        <top_terms>
            <term name="ftp"/>
            <term name="software"/>
            <term name="image"/>
            <term name="program"/>
            <term name="code"/>
        </top_terms>
    </node>
    <node id="43">
        <parent_id>26</parent_id>
        <left_child>true</left_child>
        <left_child_id>-1</left_child_id>
        <right_child_id>-1</right_child_id>
        <doc_count>172</doc_count>
        <top_terms>
            <term name="address"/>
            <term name="mail"/>
            <term name="philips"/>
            <term name="advance"/>
            <term name="list"/>
        </top_terms>
    </node>
    <node id="44">
        <parent_id>42</parent_id>
        <left_child>true</left_child>
        <left_child_id>50</left_child_id>
        <right_child_id>51</right_child_id>
        <doc_count>515</doc_count>
        <top_terms>
            <term name="ftp"/>
            <term name="software"/>
            <term name="program"/>
            <term name="unix"/>
            <term name="code"/>
        </top_terms>
    </node>
    <node id="45">
        <parent_id>42</parent_id>
        <left_child>true</left_child>
        <left_child_id>-1</left_child_id>
        <right_child_id>-1</right_child_id>
        <doc_count>153</doc_count>
        <top_terms>
            <term name="image"/>
            <term name="images"/>
            <term name="gif"/>
            <term name="format"/>
            <term name="tiff"/>
        </top_terms>
    </node>
    <node id="46">
        <parent_id>29</parent_id>
        <left_child>true</left_child>
        <left_child_id>124</left_child_id>
        <right_child_id>125</right_child_id>
        <doc_count>454</doc_count>
        <top_terms>
            <term name="sale"/>
            <term name="offer"/>
            <term name="shipping"/>
            <term name="condition"/>
            <term name="interested"/>
        </top_terms>
    </node>
    <node id="47">
        <parent_id>29</parent_id>
        <left_child>true</left_child>
        <left_child_id>64</left_child_id>
        <right_child_id>65</right_child_id>
        <doc_count>965</doc_count>
        <top_terms>
            <term name="card"/>
            <term name="video"/>
            <term name="monitor"/>
            <term name="mac"/>
            <term name="apple"/>
        </top_terms>
    </node>
    <node id="48">
        <parent_id>33</parent_id>
        <left_child>true</left_child>
        <left_child_id>-1</left_child_id>
        <right_child_id>-1</right_child_id>
        <doc_count>101</doc_count>
        <top_terms>
            <term name="islam"/>
            <term name="islamic"/>
            <term name="rushdie"/>
            <term name="jaeger"/>
            <term name="muslim"/>
        </top_terms>
    </node>
    <node id="49">
        <parent_id>33</parent_id>
        <left_child>true</left_child>
        <left_child_id>66</left_child_id>
        <right_child_id>67</right_child_id>
        <doc_count>482</doc_count>
        <top_terms>
            <term name="god"/>
            <term name="christians"/>
            <term name="christianity"/>
            <term name="bible"/>
            <term name="truth"/>
        </top_terms>
    </node>
    <node id="50">
        <parent_id>44</parent_id>
        <left_child>true</left_child>
        <left_child_id>54</left_child_id>
        <right_child_id>55</right_child_id>
        <doc_count>433</doc_count>
        <top_terms>
            <term name="software"/>
            <term name="unix"/>
            <term name="systems"/>
            <term name="program"/>
            <term name="computer"/>
        </top_terms>
    </node>
    <node id="51">
        <parent_id>44</parent_id>
        <left_child>true</left_child>
        <left_child_id>-1</left_child_id>
        <right_child_id>-1</right_child_id>
        <doc_count>77</doc_count>
        <top_terms>
            <term name="ftp"/>
            <term name="sites"/>
            <term name="pub"/>
            <term name="site"/>
            <term name="anonymous"/>
        </top_terms>
    </node>
    <node id="52">
        <parent_id>24</parent_id>
        <left_child>true</left_child>
        <left_child_id>-1</left_child_id>
        <right_child_id>-1</right_child_id>
        <doc_count>68</doc_count>
        <top_terms>
            <term name="oil"/>
            <term name="drain"/>
            <term name="magnus"/>
            <term name="ohio"/>
            <term name="changing"/>
        </top_terms>
    </node>
    <node id="53">
        <parent_id>24</parent_id>
        <left_child>true</left_child>
        <left_child_id>80</left_child_id>
        <right_child_id>81</right_child_id>
        <doc_count>512</doc_count>
        <top_terms>
            <term name="car"/>
            <term name="cars"/>
            <term name="dealer"/>
            <term name="engine"/>
            <term name="price"/>
        </top_terms>
    </node>
    <node id="54">
        <parent_id>50</parent_id>
        <left_child>true</left_child>
        <left_child_id>56</left_child_id>
        <right_child_id>57</right_child_id>
        <doc_count>399</doc_count>
        <top_terms>
            <term name="software"/>
            <term name="program"/>
            <term name="unix"/>
            <term name="systems"/>
            <term name="code"/>
        </top_terms>
    </node>
    <node id="55">
        <parent_id>50</parent_id>
        <left_child>true</left_child>
        <left_child_id>-1</left_child_id>
        <right_child_id>-1</right_child_id>
        <doc_count>34</doc_count>
        <top_terms>
            <term name="key"/>
            <term name="u_c"/>
            <term name="k_p"/>
            <term name="bits"/>
            <term name="chip"/>
        </top_terms>
    </node>
    <node id="56">
        <parent_id>54</parent_id>
        <left_child>true</left_child>
        <left_child_id>-1</left_child_id>
        <right_child_id>-1</right_child_id>
        <doc_count>184</doc_count>
        <top_terms>
            <term name="software"/>
            <term name="computer"/>
            <term name="engineering"/>
            <term name="circuit"/>
            <term name="ac"/>
        </top_terms>
    </node>
    <node id="57">
        <parent_id>54</parent_id>
        <left_child>true</left_child>
        <left_child_id>78</left_child_id>
        <right_child_id>79</right_child_id>
        <doc_count>199</doc_count>
        <top_terms>
            <term name="unix"/>
            <term name="code"/>
            <term name="software"/>
            <term name="motif"/>
            <term name="program"/>
        </top_terms>
    </node>
    <node id="58">
        <parent_id>5</parent_id>
        <left_child>true</left_child>
        <left_child_id>-1</left_child_id>
        <right_child_id>-1</right_child_id>
        <doc_count>71</doc_count>
        <top_terms>
            <term name="encryption"/>
            <term name="privacy"/>
            <term name="clipper"/>
            <term name="enforcement"/>
            <term name="administration"/>
        </top_terms>
    </node>
    <node id="59">
        <parent_id>5</parent_id>
        <left_child>true</left_child>
        <left_child_id>-1</left_child_id>
        <right_child_id>-1</right_child_id>
        <doc_count>368</doc_count>
        <top_terms>
            <term name="clipper"/>
            <term name="key"/>
            <term name="chip"/>
            <term name="encryption"/>
            <term name="escrow"/>
        </top_terms>
    </node>
    <node id="60">
        <parent_id>36</parent_id>
        <left_child>true</left_child>
        <left_child_id>68</left_child_id>
        <right_child_id>69</right_child_id>
        <doc_count>466</doc_count>
        <top_terms>
            <term name="gun"/>
            <term name="guns"/>
            <term name="firearms"/>
            <term name="crime"/>
            <term name="weapons"/>
        </top_terms>
    </node>
    <node id="61">
        <parent_id>36</parent_id>
        <left_child>true</left_child>
        <left_child_id>-1</left_child_id>
        <right_child_id>-1</right_child_id>
        <doc_count>51</doc_count>
        <top_terms>
            <term name="uicvm"/>
            <term name="uic"/>
            <term name="kratz"/>
            <term name="gun"/>
            <term name="jason"/>
        </top_terms>
    </node>
    <node id="62">
        <parent_id>32</parent_id>
        <left_child>true</left_child>
        <left_child_id>-1</left_child_id>
        <right_child_id>-1</right_child_id>
        <doc_count>155</doc_count>
        <top_terms>
            <term name="church"/>
            <term name="sabbath"/>
            <term name="catholic"/>
            <term name="christians"/>
            <term name="churches"/>
        </top_terms>
    </node>
    <node id="63">
        <parent_id>32</parent_id>
        <left_child>true</left_child>
        <left_child_id>88</left_child_id>
        <right_child_id>89</right_child_id>
        <doc_count>414</doc_count>
        <top_terms>
            <term name="god"/>
            <term name="jesus"/>
            <term name="christ"/>
            <term name="bible"/>
            <term name="christian"/>
        </top_terms>
    </node>
    <node id="64">
        <parent_id>47</parent_id>
        <left_child>true</left_child>
        <left_child_id>100</left_child_id>
        <right_child_id>101</right_child_id>
        <doc_count>645</doc_count>
        <top_terms>
            <term name="simms"/>
            <term name="mac"/>
            <term name="apple"/>
            <term name="centris"/>
            <term name="simm"/>
        </top_terms>
    </node>
    <node id="65">
        <parent_id>47</parent_id>
        <left_child>true</left_child>
        <left_child_id>-1</left_child_id>
        <right_child_id>-1</right_child_id>
        <doc_count>320</doc_count>
        <top_terms>
            <term name="card"/>
            <term name="video"/>
            <term name="monitor"/>
            <term name="vga"/>
            <term name="diamond"/>
        </top_terms>
    </node>
    <node id="66">
        <parent_id>49</parent_id>
        <left_child>true</left_child>
        <left_child_id>-1</left_child_id>
        <right_child_id>-1</right_child_id>
        <doc_count>39</doc_count>
        <top_terms>
            <term name="arrogance"/>
            <term name="truth"/>
            <term name="absolutes"/>
            <term name="christians"/>
            <term name="absolute"/>
        </top_terms>
    </node>
    <node id="67">
        <parent_id>49</parent_id>
        <left_child>true</left_child>
        <left_child_id>82</left_child_id>
        <right_child_id>83</right_child_id>
        <doc_count>443</doc_count>
        <top_terms>
            <term name="god"/>
            <term name="religion"/>
            <term name="atheist"/>
            <term name="atheists"/>
            <term name="existence"/>
        </top_terms>
    </node>
    <node id="68">
        <parent_id>60</parent_id>
        <left_child>true</left_child>
        <left_child_id>-1</left_child_id>
        <right_child_id>-1</right_child_id>
        <doc_count>31</doc_count>
        <top_terms>
            <term name="manes"/>
            <term name="linknet"/>
            <term name="magpie"/>
            <term name="handgun"/>
            <term name="homicides"/>
        </top_terms>
    </node>
    <node id="69">
        <parent_id>60</parent_id>
        <left_child>true</left_child>
        <left_child_id>70</left_child_id>
        <right_child_id>71</right_child_id>
        <doc_count>435</doc_count>
        <top_terms>
            <term name="gun"/>
            <term name="guns"/>
            <term name="firearms"/>
            <term name="weapons"/>
            <term name="crime"/>
        </top_terms>
    </node>
    <node id="70">
        <parent_id>69</parent_id>
        <left_child>true</left_child>
        <left_child_id>72</left_child_id>
        <right_child_id>73</right_child_id>
        <doc_count>389</doc_count>
        <top_terms>
            <term name="gun"/>
            <term name="guns"/>
            <term name="weapons"/>
            <term name="crime"/>
            <term name="law"/>
        </top_terms>
    </node>
    <node id="71">
        <parent_id>69</parent_id>
        <left_child>true</left_child>
        <left_child_id>-1</left_child_id>
        <right_child_id>-1</right_child_id>
        <doc_count>46</doc_count>
        <top_terms>
            <term name="ifas"/>
            <term name="gnv"/>
            <term name="ufl"/>
            <term name="firearms"/>
            <term name="jrm"/>
        </top_terms>
    </node>
    <node id="72">
        <parent_id>70</parent_id>
        <left_child>true</left_child>
        <left_child_id>106</left_child_id>
        <right_child_id>107</right_child_id>
        <doc_count>211</doc_count>
        <top_terms>
            <term name="government"/>
            <term name="amendment"/>
            <term name="militia"/>
            <term name="rights"/>
            <term name="federal"/>
        </top_terms>
    </node>
    <node id="73">
        <parent_id>70</parent_id>
        <left_child>true</left_child>
        <left_child_id>-1</left_child_id>
        <right_child_id>-1</right_child_id>
        <doc_count>178</doc_count>
        <top_terms>
            <term name="gun"/>
            <term name="guns"/>
            <term name="weapons"/>
            <term name="thomasp"/>
            <term name="uio"/>
        </top_terms>
    </node>
    <node id="74">
        <parent_id>25</parent_id>
        <left_child>true</left_child>
        <left_child_id>-1</left_child_id>
        <right_child_id>-1</right_child_id>
        <doc_count>393</doc_count>
        <top_terms>
            <term name="bike"/>
            <term name="dod"/>
            <term name="ride"/>
            <term name="riding"/>
            <term name="motorcycle"/>
        </top_terms>
    </node>
    <node id="75">
        <parent_id>25</parent_id>
        <left_child>true</left_child>
        <left_child_id>-1</left_child_id>
        <right_child_id>-1</right_child_id>
        <doc_count>59</doc_count>
        <top_terms>
            <term name="bmw"/>
            <term name="moa"/>
            <term name="___"/>
            <term name="nick"/>
            <term name="bnr"/>
        </top_terms>
    </node>
    <node id="76">
        <parent_id>35</parent_id>
        <left_child>true</left_child>
        <left_child_id>-1</left_child_id>
        <right_child_id>-1</right_child_id>
        <doc_count>98</doc_count>
        <top_terms>
            <term name="moon"/>
            <term name="alaska"/>
            <term name="space"/>
            <term name="nsmca"/>
            <term name="billion"/>
        </top_terms>
    </node>
    <node id="77">
        <parent_id>35</parent_id>
        <left_child>true</left_child>
        <left_child_id>92</left_child_id>
        <right_child_id>93</right_child_id>
        <doc_count>363</doc_count>
        <top_terms>
            <term name="nasa"/>
            <term name="space"/>
            <term name="orbit"/>
            <term name="gov"/>
            <term name="jpl"/>
        </top_terms>
    </node>
    <node id="78">
        <parent_id>57</parent_id>
        <left_child>true</left_child>
        <left_child_id>-1</left_child_id>
        <right_child_id>-1</right_child_id>
        <doc_count>11</doc_count>
        <top_terms>
            <term name="obfuscated"/>
            <term name="ioccc"/>
            <term name="landon"/>
            <term name="entry"/>
            <term name="noll"/>
        </top_terms>
    </node>
    <node id="79">
        <parent_id>57</parent_id>
        <left_child>true</left_child>
        <left_child_id>-1</left_child_id>
        <right_child_id>-1</right_child_id>
        <doc_count>188</doc_count>
        <top_terms>
            <term name="unix"/>
            <term name="software"/>
            <term name="code"/>
            <term name="motif"/>
            <term name="program"/>
        </top_terms>
    </node>
    <node id="80">
        <parent_id>53</parent_id>
        <left_child>true</left_child>
        <left_child_id>-1</left_child_id>
        <right_child_id>-1</right_child_id>
        <doc_count>18</doc_count>
        <top_terms>
            <term name="rocks"/>
            <term name="overpass"/>
            <term name="erik"/>
            <term name="ejv2j"/>
            <term name="virginia"/>
        </top_terms>
    </node>
    <node id="81">
        <parent_id>53</parent_id>
        <left_child>true</left_child>
        <left_child_id>90</left_child_id>
        <right_child_id>91</right_child_id>
        <doc_count>494</doc_count>
        <top_terms>
            <term name="car"/>
            <term name="cars"/>
            <term name="dealer"/>
            <term name="engine"/>
            <term name="price"/>
        </top_terms>
    </node>
    <node id="82">
        <parent_id>67</parent_id>
        <left_child>true</left_child>
        <left_child_id>84</left_child_id>
        <right_child_id>85</right_child_id>
        <doc_count>409</doc_count>
        <top_terms>
            <term name="god"/>
            <term name="religion"/>
            <term name="christianity"/>
            <term name="atheist"/>
            <term name="atheists"/>
        </top_terms>
    </node>
    <node id="83">
        <parent_id>67</parent_id>
        <left_child>true</left_child>
        <left_child_id>-1</left_child_id>
        <right_child_id>-1</right_child_id>
        <doc_count>34</doc_count>
        <top_terms>
            <term name="mangoe"/>
            <term name="wingate"/>
            <term name="umd"/>
            <term name="charley"/>
            <term name="peace"/>
        </top_terms>
    </node>
    <node id="84">
        <parent_id>82</parent_id>
        <left_child>true</left_child>
        <left_child_id>-1</left_child_id>
        <right_child_id>-1</right_child_id>
        <doc_count>160</doc_count>
        <top_terms>
            <term name="god"/>
            <term name="existence"/>
            <term name="atheism"/>
            <term name="exist"/>
            <term name="atheist"/>
        </top_terms>
    </node>
    <node id="85">
        <parent_id>82</parent_id>
        <left_child>true</left_child>
        <left_child_id>114</left_child_id>
        <right_child_id>115</right_child_id>
        <doc_count>249</doc_count>
        <top_terms>
            <term name="christianity"/>
            <term name="religion"/>
            <term name="bible"/>
            <term name="god"/>
            <term name="christian"/>
        </top_terms>
    </node>
    <node id="86">
        <parent_id>22</parent_id>
        <left_child>true</left_child>
        <left_child_id>-1</left_child_id>
        <right_child_id>-1</right_child_id>
        <doc_count>200</doc_count>
        <top_terms>
            <term name="yeast"/>
            <term name="candida"/>
            <term name="doctor"/>
            <term name="albicans"/>
            <term name="medicine"/>
        </top_terms>
    </node>
    <node id="87">
        <parent_id>22</parent_id>
        <left_child>true</left_child>
        <left_child_id>-1</left_child_id>
        <right_child_id>-1</right_child_id>
        <doc_count>28</doc_count>
        <top_terms>
            <term name="crohn"/>
            <term name="disease"/>
            <term name="inhibitors"/>
            <term name="eyles"/>
            <term name="turmeric"/>
        </top_terms>
    </node>
    <node id="88">
        <parent_id>63</parent_id>
        <left_child>true</left_child>
        <left_child_id>116</left_child_id>
        <right_child_id>117</right_child_id>
        <doc_count>235</doc_count>
        <top_terms>
            <term name="jesus"/>
            <term name="christ"/>
            <term name="christians"/>
            <term name="bible"/>
            <term name="christian"/>
        </top_terms>
    </node>
    <node id="89">
        <parent_id>63</parent_id>
        <left_child>true</left_child>
        <left_child_id>-1</left_child_id>
        <right_child_id>-1</right_child_id>
        <doc_count>166</doc_count>
        <top_terms>
            <term name="god"/>
            <term name="lord"/>
            <term name="sin"/>
            <term name="verse"/>
            <term name="faith"/>
        </top_terms>
    </node>
    <node id="90">
        <parent_id>81</parent_id>
        <left_child>true</left_child>
        <left_child_id>110</left_child_id>
        <right_child_id>111</right_child_id>
        <doc_count>276</doc_count>
        <top_terms>
            <term name="car"/>
            <term name="cars"/>
            <term name="speed"/>
            <term name="fast"/>
            <term name="road"/>
        </top_terms>
    </node>
    <node id="91">
        <parent_id>81</parent_id>
        <left_child>true</left_child>
        <left_child_id>-1</left_child_id>
        <right_child_id>-1</right_child_id>
        <doc_count>207</doc_count>
        <top_terms>
            <term name="car"/>
            <term name="dealer"/>
            <term name="cars"/>
            <term name="price"/>
            <term name="saturn"/>
        </top_terms>
    </node>
    <node id="92">
        <parent_id>77</parent_id>
        <left_child>true</left_child>
        <left_child_id>104</left_child_id>
        <right_child_id>105</right_child_id>
        <doc_count>306</doc_count>
        <top_terms>
            <term name="space"/>
            <term name="nasa"/>
            <term name="launch"/>
            <term name="orbit"/>
            <term name="shuttle"/>
        </top_terms>
    </node>
    <node id="93">
        <parent_id>77</parent_id>
        <left_child>true</left_child>
        <left_child_id>-1</left_child_id>
        <right_child_id>-1</right_child_id>
        <doc_count>57</doc_count>
        <top_terms>
            <term name="baalke"/>
            <term name="comet"/>
            <term name="jpl"/>
            <term name="jupiter"/>
            <term name="orbit"/>
        </top_terms>
    </node>
    <node id="94">
        <parent_id>19</parent_id>
        <left_child>true</left_child>
        <left_child_id>-1</left_child_id>
        <right_child_id>-1</right_child_id>
        <doc_count>529</doc_count>
        <top_terms>
            <term name="windows"/>
            <term name="dos"/>
            <term name="ms"/>
            <term name="driver"/>
            <term name="drivers"/>
        </top_terms>
    </node>
    <node id="95">
        <parent_id>19</parent_id>
        <left_child>true</left_child>
        <left_child_id>-1</left_child_id>
        <right_child_id>-1</right_child_id>
        <doc_count>168</doc_count>
        <top_terms>
            <term name="files"/>
            <term name="file"/>
            <term name="bmp"/>
            <term name="cview"/>
            <term name="ini"/>
        </top_terms>
    </node>
    <node id="96">
        <parent_id>39</parent_id>
        <left_child>true</left_child>
        <left_child_id>-1</left_child_id>
        <right_child_id>-1</right_child_id>
        <doc_count>44</doc_count>
        <top_terms>
            <term name="jake"/>
            <term name="bony1"/>
            <term name="bony"/>
            <term name="livni"/>
            <term name="jimmy"/>
        </top_terms>
    </node>
    <node id="97">
        <parent_id>39</parent_id>
        <left_child>true</left_child>
        <left_child_id>-1</left_child_id>
        <right_child_id>-1</right_child_id>
        <doc_count>333</doc_count>
        <top_terms>
            <term name="israel"/>
            <term name="israeli"/>
            <term name="arab"/>
            <term name="jews"/>
            <term name="israelis"/>
        </top_terms>
    </node>
    <node id="98">
        <parent_id>38</parent_id>
        <left_child>true</left_child>
        <left_child_id>-1</left_child_id>
        <right_child_id>-1</right_child_id>
        <doc_count>67</doc_count>
        <top_terms>
            <term name="turkish"/>
            <term name="turkey"/>
            <term name="armenia"/>
            <term name="cyprus"/>
            <term name="greek"/>
        </top_terms>
    </node>
    <node id="99">
        <parent_id>38</parent_id>
        <left_child>true</left_child>
        <left_child_id>-1</left_child_id>
        <right_child_id>-1</right_child_id>
        <doc_count>102</doc_count>
        <top_terms>
            <term name="armenian"/>
            <term name="armenians"/>
            <term name="turkish"/>
            <term name="turks"/>
            <term name="soviet"/>
        </top_terms>
    </node>
    <node id="100">
        <parent_id>64</parent_id>
        <left_child>true</left_child>
        <left_child_id>118</left_child_id>
        <right_child_id>119</right_child_id>
        <doc_count>524</doc_count>
        <top_terms>
            <term name="mac"/>
            <term name="apple"/>
            <term name="modem"/>
            <term name="serial"/>
            <term name="fpu"/>
        </top_terms>
    </node>
    <node id="101">
        <parent_id>64</parent_id>
        <left_child>true</left_child>
        <left_child_id>-1</left_child_id>
        <right_child_id>-1</right_child_id>
        <doc_count>87</doc_count>
        <top_terms>
            <term name="simms"/>
            <term name="simm"/>
            <term name="256k"/>
            <term name="ram"/>
            <term name="vram"/>
        </top_terms>
    </node>
    <node id="102">
        <parent_id>40</parent_id>
        <left_child>true</left_child>
        <left_child_id>-1</left_child_id>
        <right_child_id>-1</right_child_id>
        <doc_count>240</doc_count>
        <top_terms>
            <term name="nhl"/>
            <term name="hockey"/>
            <term name="team"/>
            <term name="players"/>
            <term name="play"/>
        </top_terms>
    </node>
    <node id="103">
        <parent_id>40</parent_id>
        <left_child>true</left_child>
        <left_child_id>-1</left_child_id>
        <right_child_id>-1</right_child_id>
        <doc_count>362</doc_count>
        <top_terms>
            <term name="game"/>
            <term name="cup"/>
            <term name="devils"/>
            <term name="playoff"/>
            <term name="stanley"/>
        </top_terms>
    </node>
    <node id="104">
        <parent_id>92</parent_id>
        <left_child>true</left_child>
        <left_child_id>112</left_child_id>
        <right_child_id>113</right_child_id>
        <doc_count>251</doc_count>
        <top_terms>
            <term name="space"/>
            <term name="nasa"/>
            <term name="launch"/>
            <term name="orbit"/>
            <term name="sky"/>
        </top_terms>
    </node>
    <node id="105">
        <parent_id>92</parent_id>
        <left_child>true</left_child>
        <left_child_id>-1</left_child_id>
        <right_child_id>-1</right_child_id>
        <doc_count>55</doc_count>
        <top_terms>
            <term name="dseg"/>
            <term name="ti"/>
            <term name="mccall"/>
            <term name="fred"/>
            <term name="pyron"/>
        </top_terms>
    </node>
    <node id="106">
        <parent_id>72</parent_id>
        <left_child>true</left_child>
        <left_child_id>-1</left_child_id>
        <right_child_id>-1</right_child_id>
        <doc_count>23</doc_count>
        <top_terms>
            <term name="atlantaga"/>
            <term name="ncratl"/>
            <term name="ncr"/>
            <term name="immunization"/>
            <term name="immunizations"/>
        </top_terms>
    </node>
    <node id="107">
        <parent_id>72</parent_id>
        <left_child>true</left_child>
        <left_child_id>-1</left_child_id>
        <right_child_id>-1</right_child_id>
        <doc_count>188</doc_count>
        <top_terms>
            <term name="militia"/>
            <term name="amendment"/>
            <term name="government"/>
            <term name="constitution"/>
            <term name="law"/>
        </top_terms>
    </node>
    <node id="108">
        <parent_id>41</parent_id>
        <left_child>true</left_child>
        <left_child_id>-1</left_child_id>
        <right_child_id>-1</right_child_id>
        <doc_count>52</doc_count>
        <top_terms>
            <term name="jewish"/>
            <term name="baseball"/>
            <term name="players"/>
            <term name="vb30"/>
            <term name="lafibm"/>
        </top_terms>
    </node>
    <node id="109">
        <parent_id>41</parent_id>
        <left_child>true</left_child>
        <left_child_id>-1</left_child_id>
        <right_child_id>-1</right_child_id>
        <doc_count>531</doc_count>
        <top_terms>
            <term name="team"/>
            <term name="game"/>
            <term name="games"/>
            <term name="pitching"/>
            <term name="year"/>
        </top_terms>
    </node>
    <node id="110">
        <parent_id>90</parent_id>
        <left_child>true</left_child>
        <left_child_id>-1</left_child_id>
        <right_child_id>-1</right_child_id>
        <doc_count>11</doc_count>
        <top_terms>
            <term name="uv"/>
            <term name="flashlight"/>
            <term name="bulbs"/>
            <term name="hawkinson"/>
            <term name="jhawk"/>
        </top_terms>
    </node>
    <node id="111">
        <parent_id>90</parent_id>
        <left_child>true</left_child>
        <left_child_id>-1</left_child_id>
        <right_child_id>-1</right_child_id>
        <doc_count>265</doc_count>
        <top_terms>
            <term name="car"/>
            <term name="cars"/>
            <term name="speed"/>
            <term name="road"/>
            <term name="fast"/>
        </top_terms>
    </node>
    <node id="112">
        <parent_id>104</parent_id>
        <left_child>true</left_child>
        <left_child_id>122</left_child_id>
        <right_child_id>123</right_child_id>
        <doc_count>215</doc_count>
        <top_terms>
            <term name="space"/>
            <term name="nasa"/>
            <term name="launch"/>
            <term name="orbit"/>
            <term name="shuttle"/>
        </top_terms>
    </node>
    <node id="113">
        <parent_id>104</parent_id>
        <left_child>true</left_child>
        <left_child_id>-1</left_child_id>
        <right_child_id>-1</right_child_id>
        <doc_count>36</doc_count>
        <top_terms>
            <term name="enzo"/>
            <term name="sky"/>
            <term name="canon"/>
            <term name="vandalizing"/>
            <term name="oz"/>
        </top_terms>
    </node>
    <node id="114">
        <parent_id>85</parent_id>
        <left_child>true</left_child>
        <left_child_id>-1</left_child_id>
        <right_child_id>-1</right_child_id>
        <doc_count>34</doc_count>
        <top_terms>
            <term name="god"/>
            <term name="atheists"/>
            <term name="eternal"/>
            <term name="hell"/>
            <term name="jeesus"/>
        </top_terms>
    </node>
    <node id="115">
        <parent_id>85</parent_id>
        <left_child>true</left_child>
        <left_child_id>-1</left_child_id>
        <right_child_id>-1</right_child_id>
        <doc_count>215</doc_count>
        <top_terms>
            <term name="religion"/>
            <term name="bible"/>
            <term name="christian"/>
            <term name="christianity"/>
            <term name="god"/>
        </top_terms>
    </node>
    <node id="116">
        <parent_id>88</parent_id>
        <left_child>true</left_child>
        <left_child_id>-1</left_child_id>
        <right_child_id>-1</right_child_id>
        <doc_count>37</doc_count>
        <top_terms>
            <term name="resurrection"/>
            <term name="rise"/>
            <term name="christ"/>
            <term name="rutgers"/>
            <term name="apr"/>
        </top_terms>
    </node>
    <node id="117">
        <parent_id>88</parent_id>
        <left_child>true</left_child>
        <left_child_id>-1</left_child_id>
        <right_child_id>-1</right_child_id>
        <doc_count>198</doc_count>
        <top_terms>
            <term name="jesus"/>
            <term name="god"/>
            <term name="christ"/>
            <term name="bible"/>
            <term name="christian"/>
        </top_terms>
    </node>
    <node id="118">
        <parent_id>100</parent_id>
        <left_child>true</left_child>
        <left_child_id>-1</left_child_id>
        <right_child_id>-1</right_child_id>
        <doc_count>299</doc_count>
        <top_terms>
            <term name="mac"/>
            <term name="apple"/>
            <term name="fpu"/>
            <term name="centris"/>
            <term name="duo"/>
        </top_terms>
    </node>
    <node id="119">
        <parent_id>100</parent_id>
        <left_child>true</left_child>
        <left_child_id>-1</left_child_id>
        <right_child_id>-1</right_child_id>
        <doc_count>217</doc_count>
        <top_terms>
            <term name="modem"/>
            <term name="serial"/>
            <term name="port"/>
            <term name="ports"/>
            <term name="connector"/>
        </top_terms>
    </node>
    <node id="120">
        <parent_id>21</parent_id>
        <left_child>true</left_child>
        <left_child_id>-1</left_child_id>
        <right_child_id>-1</right_child_id>
        <doc_count>242</doc_count>
        <top_terms>
            <term name="server"/>
            <term name="x11r5"/>
            <term name="xterm"/>
            <term name="client"/>
            <term name="mit"/>
        </top_terms>
    </node>
    <node id="121">
        <parent_id>21</parent_id>
        <left_child>true</left_child>
        <left_child_id>-1</left_child_id>
        <right_child_id>-1</right_child_id>
        <doc_count>198</doc_count>
        <top_terms>
            <term name="window"/>
            <term name="widget"/>
            <term name="manager"/>
            <term name="application"/>
            <term name="expose"/>
        </top_terms>
    </node>
    <node id="122">
        <parent_id>112</parent_id>
        <left_child>true</left_child>
        <left_child_id>-1</left_child_id>
        <right_child_id>-1</right_child_id>
        <doc_count>29</doc_count>
        <top_terms>
            <term name="manned"/>
            <term name="exploration"/>
            <term name="higgins"/>
            <term name="crystal"/>
            <term name="lunar"/>
        </top_terms>
    </node>
    <node id="123">
        <parent_id>112</parent_id>
        <left_child>true</left_child>
        <left_child_id>-1</left_child_id>
        <right_child_id>-1</right_child_id>
        <doc_count>186</doc_count>
        <top_terms>
            <term name="space"/>
            <term name="nasa"/>
            <term name="launch"/>
            <term name="orbit"/>
            <term name="shuttle"/>
        </top_terms>
    </node>
    <node id="124">
        <parent_id>46</parent_id>
        <left_child>true</left_child>
        <left_child_id>-1</left_child_id>
        <right_child_id>-1</right_child_id>
        <doc_count>109</doc_count>
        <top_terms>
            <term name="stereo"/>
            <term name="obo"/>
            <term name="forsale"/>
            <term name="radley"/>
            <term name="speakers"/>
        </top_terms>
    </node>
    <node id="125">
        <parent_id>46</parent_id>
        <left_child>true</left_child>
        <left_child_id>-1</left_child_id>
        <right_child_id>-1</right_child_id>
        <doc_count>309</doc_count>
        <top_terms>
            <term name="sale"/>
            <term name="offer"/>
            <term name="shipping"/>
            <term name="condition"/>
            <term name="interested"/>
        </top_terms>
    </node>
</DataSet>
