<?xml version="1.0"?>
<DataSet id="7964">
    <node id="0">
        <parent_id>-1</parent_id>
        <left_child>true</left_child>
        <left_child_id>4</left_child_id>
        <right_child_id>5</right_child_id>
        <doc_count>4253</doc_count>
        <top_terms>
            <term name="qtly"/>
            <term name="div"/>
            <term name="record"/>
            <term name="pay"/>
            <term name="prior"/>
        </top_terms>
    </node>
    <node id="1">
        <parent_id>-1</parent_id>
        <left_child>true</left_child>
        <left_child_id>2</left_child_id>
        <right_child_id>3</right_child_id>
        <doc_count>3731</doc_count>
        <top_terms>
            <term name="net"/>
            <term name="shr"/>
            <term name="loss"/>
            <term name="cts"/>
            <term name="revs"/>
        </top_terms>
    </node>
    <node id="2">
        <parent_id>1</parent_id>
        <left_child>true</left_child>
        <left_child_id>42</left_child_id>
        <right_child_id>43</right_child_id>
        <doc_count>1897</doc_count>
        <top_terms>
            <term name="net"/>
            <term name="cts"/>
            <term name="shr"/>
            <term name="revs"/>
            <term name="avg"/>
        </top_terms>
    </node>
    <node id="3">
        <parent_id>1</parent_id>
        <left_child>true</left_child>
        <left_child_id>16</left_child_id>
        <right_child_id>17</right_child_id>
        <doc_count>1834</doc_count>
        <top_terms>
            <term name="loss"/>
            <term name="profit"/>
            <term name="oper"/>
            <term name="revs"/>
            <term name="shr"/>
        </top_terms>
    </node>
    <node id="4">
        <parent_id>0</parent_id>
        <left_child>true</left_child>
        <left_child_id>6</left_child_id>
        <right_child_id>7</right_child_id>
        <doc_count>3538</doc_count>
        <top_terms>
            <term name="pct"/>
            <term name="shares"/>
            <term name="stock"/>
            <term name="u.s"/>
            <term name="bank"/>
        </top_terms>
    </node>
    <node id="5">
        <parent_id>0</parent_id>
        <left_child>true</left_child>
        <left_child_id>-1</left_child_id>
        <right_child_id>-1</right_child_id>
        <doc_count>715</doc_count>
        <top_terms>
            <term name="qtly"/>
            <term name="div"/>
            <term name="record"/>
            <term name="pay"/>
            <term name="prior"/>
        </top_terms>
    </node>
    <node id="6">
        <parent_id>4</parent_id>
        <left_child>true</left_child>
        <left_child_id>8</left_child_id>
        <right_child_id>9</right_child_id>
        <doc_count>1897</doc_count>
        <top_terms>
            <term name="trade"/>
            <term name="u.s"/>
            <term name="pct"/>
            <term name="rate"/>
            <term name="bank"/>
        </top_terms>
    </node>
    <node id="7">
        <parent_id>4</parent_id>
        <left_child>true</left_child>
        <left_child_id>10</left_child_id>
        <right_child_id>11</right_child_id>
        <doc_count>1641</doc_count>
        <top_terms>
            <term name="shares"/>
            <term name="common"/>
            <term name="stock"/>
            <term name="stake"/>
            <term name="offer"/>
        </top_terms>
    </node>
    <node id="8">
        <parent_id>6</parent_id>
        <left_child>true</left_child>
        <left_child_id>12</left_child_id>
        <right_child_id>13</right_child_id>
        <doc_count>1149</doc_count>
        <top_terms>
            <term name="rate"/>
            <term name="pct"/>
            <term name="bank"/>
            <term name="trade"/>
            <term name="u.s"/>
        </top_terms>
    </node>
    <node id="9">
        <parent_id>6</parent_id>
        <left_child>true</left_child>
        <left_child_id>18</left_child_id>
        <right_child_id>19</right_child_id>
        <doc_count>748</doc_count>
        <top_terms>
            <term name="oil"/>
            <term name="sugar"/>
            <term name="tonnes"/>
            <term name="prices"/>
            <term name="crude"/>
        </top_terms>
    </node>
    <node id="10">
        <parent_id>7</parent_id>
        <left_child>true</left_child>
        <left_child_id>14</left_child_id>
        <right_child_id>15</right_child_id>
        <doc_count>1337</doc_count>
        <top_terms>
            <term name="offer"/>
            <term name="shares"/>
            <term name="shareholders"/>
            <term name="merger"/>
            <term name="stock"/>
        </top_terms>
    </node>
    <node id="11">
        <parent_id>7</parent_id>
        <left_child>true</left_child>
        <left_child_id>-1</left_child_id>
        <right_child_id>-1</right_child_id>
        <doc_count>284</doc_count>
        <top_terms>
            <term name="stake"/>
            <term name="shares"/>
            <term name="commission"/>
            <term name="securities"/>
            <term name="common"/>
        </top_terms>
    </node>
    <node id="12">
        <parent_id>8</parent_id>
        <left_child>true</left_child>
        <left_child_id>34</left_child_id>
        <right_child_id>35</right_child_id>
        <doc_count>562</doc_count>
        <top_terms>
            <term name="pct"/>
            <term name="rate"/>
            <term name="bank"/>
            <term name="february"/>
            <term name="rates"/>
        </top_terms>
    </node>
    <node id="13">
        <parent_id>8</parent_id>
        <left_child>true</left_child>
        <left_child_id>20</left_child_id>
        <right_child_id>21</right_child_id>
        <doc_count>587</doc_count>
        <top_terms>
            <term name="trade"/>
            <term name="u.s"/>
            <term name="japan"/>
            <term name="japanese"/>
            <term name="states"/>
        </top_terms>
    </node>
    <node id="14">
        <parent_id>10</parent_id>
        <left_child>true</left_child>
        <left_child_id>30</left_child_id>
        <right_child_id>31</right_child_id>
        <doc_count>631</doc_count>
        <top_terms>
            <term name="offer"/>
            <term name="shares"/>
            <term name="tender"/>
            <term name="stock"/>
            <term name="share"/>
        </top_terms>
    </node>
    <node id="15">
        <parent_id>10</parent_id>
        <left_child>true</left_child>
        <left_child_id>28</left_child_id>
        <right_child_id>29</right_child_id>
        <doc_count>706</doc_count>
        <top_terms>
            <term name="acquisition"/>
            <term name="agreement"/>
            <term name="merger"/>
            <term name="terms"/>
            <term name="acquire"/>
        </top_terms>
    </node>
    <node id="16">
        <parent_id>3</parent_id>
        <left_child>true</left_child>
        <left_child_id>24</left_child_id>
        <right_child_id>25</right_child_id>
        <doc_count>693</doc_count>
        <top_terms>
            <term name="oper"/>
            <term name="excludes"/>
            <term name="discontinued"/>
            <term name="gain"/>
            <term name="operations"/>
        </top_terms>
    </node>
    <node id="17">
        <parent_id>3</parent_id>
        <left_child>true</left_child>
        <left_child_id>36</left_child_id>
        <right_child_id>37</right_child_id>
        <doc_count>1141</doc_count>
        <top_terms>
            <term name="loss"/>
            <term name="profit"/>
            <term name="revs"/>
            <term name="shr"/>
            <term name="cts"/>
        </top_terms>
    </node>
    <node id="18">
        <parent_id>9</parent_id>
        <left_child>true</left_child>
        <left_child_id>22</left_child_id>
        <right_child_id>23</right_child_id>
        <doc_count>432</doc_count>
        <top_terms>
            <term name="sugar"/>
            <term name="tonnes"/>
            <term name="coffee"/>
            <term name="export"/>
            <term name="producers"/>
        </top_terms>
    </node>
    <node id="19">
        <parent_id>9</parent_id>
        <left_child>true</left_child>
        <left_child_id>56</left_child_id>
        <right_child_id>57</right_child_id>
        <doc_count>316</doc_count>
        <top_terms>
            <term name="oil"/>
            <term name="crude"/>
            <term name="barrel"/>
            <term name="texas"/>
            <term name="postings"/>
        </top_terms>
    </node>
    <node id="20">
        <parent_id>13</parent_id>
        <left_child>true</left_child>
        <left_child_id>26</left_child_id>
        <right_child_id>27</right_child_id>
        <doc_count>438</doc_count>
        <top_terms>
            <term name="trade"/>
            <term name="japan"/>
            <term name="u.s"/>
            <term name="japanese"/>
            <term name="tariffs"/>
        </top_terms>
    </node>
    <node id="21">
        <parent_id>13</parent_id>
        <left_child>true</left_child>
        <left_child_id>60</left_child_id>
        <right_child_id>61</right_child_id>
        <doc_count>149</doc_count>
        <top_terms>
            <term name="baker"/>
            <term name="paris"/>
            <term name="accord"/>
            <term name="louvre"/>
            <term name="rates"/>
        </top_terms>
    </node>
    <node id="22">
        <parent_id>18</parent_id>
        <left_child>true</left_child>
        <left_child_id>-1</left_child_id>
        <right_child_id>-1</right_child_id>
        <doc_count>200</doc_count>
        <top_terms>
            <term name="coffee"/>
            <term name="ico"/>
            <term name="quotas"/>
            <term name="cocoa"/>
            <term name="delegates"/>
        </top_terms>
    </node>
    <node id="23">
        <parent_id>18</parent_id>
        <left_child>true</left_child>
        <left_child_id>-1</left_child_id>
        <right_child_id>-1</right_child_id>
        <doc_count>232</doc_count>
        <top_terms>
            <term name="sugar"/>
            <term name="tonnes"/>
            <term name="traders"/>
            <term name="ec"/>
            <term name="white"/>
        </top_terms>
    </node>
    <node id="24">
        <parent_id>16</parent_id>
        <left_child>true</left_child>
        <left_child_id>38</left_child_id>
        <right_child_id>39</right_child_id>
        <doc_count>446</doc_count>
        <top_terms>
            <term name="quarter"/>
            <term name="earnings"/>
            <term name="dlrs"/>
            <term name="operations"/>
            <term name="year"/>
        </top_terms>
    </node>
    <node id="25">
        <parent_id>16</parent_id>
        <left_child>true</left_child>
        <left_child_id>-1</left_child_id>
        <right_child_id>-1</right_child_id>
        <doc_count>247</doc_count>
        <top_terms>
            <term name="oper"/>
            <term name="loss"/>
            <term name="excludes"/>
            <term name="net"/>
            <term name="cts"/>
        </top_terms>
    </node>
    <node id="26">
        <parent_id>20</parent_id>
        <left_child>true</left_child>
        <left_child_id>-1</left_child_id>
        <right_child_id>-1</right_child_id>
        <doc_count>120</doc_count>
        <top_terms>
            <term name="japanese"/>
            <term name="japan"/>
            <term name="trade"/>
            <term name="semiconductor"/>
            <term name="sanctions"/>
        </top_terms>
    </node>
    <node id="27">
        <parent_id>20</parent_id>
        <left_child>true</left_child>
        <left_child_id>32</left_child_id>
        <right_child_id>33</right_child_id>
        <doc_count>318</doc_count>
        <top_terms>
            <term name="trade"/>
            <term name="u.s"/>
            <term name="bill"/>
            <term name="foreign"/>
            <term name="surplus"/>
        </top_terms>
    </node>
    <node id="28">
        <parent_id>15</parent_id>
        <left_child>true</left_child>
        <left_child_id>-1</left_child_id>
        <right_child_id>-1</right_child_id>
        <doc_count>347</doc_count>
        <top_terms>
            <term name="merger"/>
            <term name="agreement"/>
            <term name="acquisition"/>
            <term name="shareholders"/>
            <term name="subject"/>
        </top_terms>
    </node>
    <node id="29">
        <parent_id>15</parent_id>
        <left_child>true</left_child>
        <left_child_id>-1</left_child_id>
        <right_child_id>-1</right_child_id>
        <doc_count>359</doc_count>
        <top_terms>
            <term name="unit"/>
            <term name="terms"/>
            <term name="sell"/>
            <term name="undisclosed"/>
            <term name="disclosed"/>
        </top_terms>
    </node>
    <node id="30">
        <parent_id>14</parent_id>
        <left_child>true</left_child>
        <left_child_id>50</left_child_id>
        <right_child_id>51</right_child_id>
        <doc_count>484</doc_count>
        <top_terms>
            <term name="offer"/>
            <term name="tender"/>
            <term name="shares"/>
            <term name="bid"/>
            <term name="share"/>
        </top_terms>
    </node>
    <node id="31">
        <parent_id>14</parent_id>
        <left_child>true</left_child>
        <left_child_id>-1</left_child_id>
        <right_child_id>-1</right_child_id>
        <doc_count>147</doc_count>
        <top_terms>
            <term name="split"/>
            <term name="stock"/>
            <term name="common"/>
            <term name="shareholders"/>
            <term name="two-for-one"/>
        </top_terms>
    </node>
    <node id="32">
        <parent_id>27</parent_id>
        <left_child>true</left_child>
        <left_child_id>46</left_child_id>
        <right_child_id>47</right_child_id>
        <doc_count>236</doc_count>
        <top_terms>
            <term name="trade"/>
            <term name="u.s"/>
            <term name="bill"/>
            <term name="foreign"/>
            <term name="reagan"/>
        </top_terms>
    </node>
    <node id="33">
        <parent_id>27</parent_id>
        <left_child>true</left_child>
        <left_child_id>-1</left_child_id>
        <right_child_id>-1</right_child_id>
        <doc_count>82</doc_count>
        <top_terms>
            <term name="trade"/>
            <term name="gatt"/>
            <term name="ec"/>
            <term name="yeutter"/>
            <term name="ministers"/>
        </top_terms>
    </node>
    <node id="34">
        <parent_id>12</parent_id>
        <left_child>true</left_child>
        <left_child_id>48</left_child_id>
        <right_child_id>49</right_child_id>
        <doc_count>394</doc_count>
        <top_terms>
            <term name="bank"/>
            <term name="rate"/>
            <term name="rates"/>
            <term name="prime"/>
            <term name="pct"/>
        </top_terms>
    </node>
    <node id="35">
        <parent_id>12</parent_id>
        <left_child>true</left_child>
        <left_child_id>-1</left_child_id>
        <right_child_id>-1</right_child_id>
        <doc_count>168</doc_count>
        <top_terms>
            <term name="february"/>
            <term name="inflation"/>
            <term name="pct"/>
            <term name="january"/>
            <term name="rose"/>
        </top_terms>
    </node>
    <node id="36">
        <parent_id>17</parent_id>
        <left_child>true</left_child>
        <left_child_id>-1</left_child_id>
        <right_child_id>-1</right_child_id>
        <doc_count>453</doc_count>
        <top_terms>
            <term name="profit"/>
            <term name="net"/>
            <term name="mths"/>
            <term name="mln"/>
            <term name="shr"/>
        </top_terms>
    </node>
    <node id="37">
        <parent_id>17</parent_id>
        <left_child>true</left_child>
        <left_child_id>-1</left_child_id>
        <right_child_id>-1</right_child_id>
        <doc_count>688</doc_count>
        <top_terms>
            <term name="loss"/>
            <term name="revs"/>
            <term name="shr"/>
            <term name="cts"/>
            <term name="net"/>
        </top_terms>
    </node>
    <node id="38">
        <parent_id>24</parent_id>
        <left_child>true</left_child>
        <left_child_id>40</left_child_id>
        <right_child_id>41</right_child_id>
        <doc_count>389</doc_count>
        <top_terms>
            <term name="quarter"/>
            <term name="earnings"/>
            <term name="dlrs"/>
            <term name="operations"/>
            <term name="company"/>
        </top_terms>
    </node>
    <node id="39">
        <parent_id>24</parent_id>
        <left_child>true</left_child>
        <left_child_id>-1</left_child_id>
        <right_child_id>-1</right_child_id>
        <doc_count>57</doc_count>
        <top_terms>
            <term name="gold"/>
            <term name="mine"/>
            <term name="ounces"/>
            <term name="ounce"/>
            <term name="production"/>
        </top_terms>
    </node>
    <node id="40">
        <parent_id>38</parent_id>
        <left_child>true</left_child>
        <left_child_id>-1</left_child_id>
        <right_child_id>-1</right_child_id>
        <doc_count>198</doc_count>
        <top_terms>
            <term name="earnings"/>
            <term name="quarter"/>
            <term name="expects"/>
            <term name="year"/>
            <term name="dlrs"/>
        </top_terms>
    </node>
    <node id="41">
        <parent_id>38</parent_id>
        <left_child>true</left_child>
        <left_child_id>-1</left_child_id>
        <right_child_id>-1</right_child_id>
        <doc_count>191</doc_count>
        <top_terms>
            <term name="sale"/>
            <term name="unit"/>
            <term name="operations"/>
            <term name="gain"/>
            <term name="sell"/>
        </top_terms>
    </node>
    <node id="42">
        <parent_id>2</parent_id>
        <left_child>true</left_child>
        <left_child_id>-1</left_child_id>
        <right_child_id>-1</right_child_id>
        <doc_count>438</doc_count>
        <top_terms>
            <term name="avg"/>
            <term name="shrs"/>
            <term name="net"/>
            <term name="shr"/>
            <term name="cts"/>
        </top_terms>
    </node>
    <node id="43">
        <parent_id>2</parent_id>
        <left_child>true</left_child>
        <left_child_id>44</left_child_id>
        <right_child_id>45</right_child_id>
        <doc_count>1459</doc_count>
        <top_terms>
            <term name="net"/>
            <term name="cts"/>
            <term name="shr"/>
            <term name="revs"/>
            <term name="qtr"/>
        </top_terms>
    </node>
    <node id="44">
        <parent_id>43</parent_id>
        <left_child>true</left_child>
        <left_child_id>-1</left_child_id>
        <right_child_id>-1</right_child_id>
        <doc_count>786</doc_count>
        <top_terms>
            <term name="net"/>
            <term name="cts"/>
            <term name="shr"/>
            <term name="revs"/>
            <term name="qtr"/>
        </top_terms>
    </node>
    <node id="45">
        <parent_id>43</parent_id>
        <left_child>true</left_child>
        <left_child_id>58</left_child_id>
        <right_child_id>59</right_child_id>
        <doc_count>673</doc_count>
        <top_terms>
            <term name="billion"/>
            <term name="loans"/>
            <term name="deposits"/>
            <term name="assets"/>
            <term name="bank"/>
        </top_terms>
    </node>
    <node id="46">
        <parent_id>32</parent_id>
        <left_child>true</left_child>
        <left_child_id>-1</left_child_id>
        <right_child_id>-1</right_child_id>
        <doc_count>169</doc_count>
        <top_terms>
            <term name="trade"/>
            <term name="billion"/>
            <term name="u.s"/>
            <term name="taiwan"/>
            <term name="surplus"/>
        </top_terms>
    </node>
    <node id="47">
        <parent_id>32</parent_id>
        <left_child>true</left_child>
        <left_child_id>-1</left_child_id>
        <right_child_id>-1</right_child_id>
        <doc_count>67</doc_count>
        <top_terms>
            <term name="bill"/>
            <term name="house"/>
            <term name="reagan"/>
            <term name="trade"/>
            <term name="legislation"/>
        </top_terms>
    </node>
    <node id="48">
        <parent_id>34</parent_id>
        <left_child>true</left_child>
        <left_child_id>-1</left_child_id>
        <right_child_id>-1</right_child_id>
        <doc_count>327</doc_count>
        <top_terms>
            <term name="rate"/>
            <term name="bank"/>
            <term name="rates"/>
            <term name="prime"/>
            <term name="pct"/>
        </top_terms>
    </node>
    <node id="49">
        <parent_id>34</parent_id>
        <left_child>true</left_child>
        <left_child_id>-1</left_child_id>
        <right_child_id>-1</right_child_id>
        <doc_count>67</doc_count>
        <top_terms>
            <term name="fed"/>
            <term name="reserves"/>
            <term name="federal"/>
            <term name="reserve"/>
            <term name="repurchase"/>
        </top_terms>
    </node>
    <node id="50">
        <parent_id>30</parent_id>
        <left_child>true</left_child>
        <left_child_id>52</left_child_id>
        <right_child_id>53</right_child_id>
        <doc_count>459</doc_count>
        <top_terms>
            <term name="offer"/>
            <term name="shares"/>
            <term name="tender"/>
            <term name="bid"/>
            <term name="share"/>
        </top_terms>
    </node>
    <node id="51">
        <parent_id>30</parent_id>
        <left_child>true</left_child>
        <left_child_id>-1</left_child_id>
        <right_child_id>-1</right_child_id>
        <doc_count>25</doc_count>
        <top_terms>
            <term name="cyclops"/>
            <term name="dixons"/>
            <term name="cyacq"/>
            <term name="cyl"/>
            <term name="tender"/>
        </top_terms>
    </node>
    <node id="52">
        <parent_id>50</parent_id>
        <left_child>true</left_child>
        <left_child_id>54</left_child_id>
        <right_child_id>55</right_child_id>
        <doc_count>427</doc_count>
        <top_terms>
            <term name="offer"/>
            <term name="shares"/>
            <term name="tender"/>
            <term name="bid"/>
            <term name="share"/>
        </top_terms>
    </node>
    <node id="53">
        <parent_id>50</parent_id>
        <left_child>true</left_child>
        <left_child_id>-1</left_child_id>
        <right_child_id>-1</right_child_id>
        <doc_count>32</doc_count>
        <top_terms>
            <term name="usair"/>
            <term name="twa"/>
            <term name="piedmont"/>
            <term name="airlines"/>
            <term name="application"/>
        </top_terms>
    </node>
    <node id="54">
        <parent_id>52</parent_id>
        <left_child>true</left_child>
        <left_child_id>-1</left_child_id>
        <right_child_id>-1</right_child_id>
        <doc_count>207</doc_count>
        <top_terms>
            <term name="gencorp"/>
            <term name="offer"/>
            <term name="takeover"/>
            <term name="board"/>
            <term name="bid"/>
        </top_terms>
    </node>
    <node id="55">
        <parent_id>52</parent_id>
        <left_child>true</left_child>
        <left_child_id>-1</left_child_id>
        <right_child_id>-1</right_child_id>
        <doc_count>220</doc_count>
        <top_terms>
            <term name="offer"/>
            <term name="tender"/>
            <term name="shares"/>
            <term name="share"/>
            <term name="extended"/>
        </top_terms>
    </node>
    <node id="56">
        <parent_id>19</parent_id>
        <left_child>true</left_child>
        <left_child_id>-1</left_child_id>
        <right_child_id>-1</right_child_id>
        <doc_count>251</doc_count>
        <top_terms>
            <term name="oil"/>
            <term name="opec"/>
            <term name="bpd"/>
            <term name="barrels"/>
            <term name="crude"/>
        </top_terms>
    </node>
    <node id="57">
        <parent_id>19</parent_id>
        <left_child>true</left_child>
        <left_child_id>-1</left_child_id>
        <right_child_id>-1</right_child_id>
        <doc_count>65</doc_count>
        <top_terms>
            <term name="crude"/>
            <term name="barrel"/>
            <term name="postings"/>
            <term name="texas"/>
            <term name="sour"/>
        </top_terms>
    </node>
    <node id="58">
        <parent_id>45</parent_id>
        <left_child>true</left_child>
        <left_child_id>-1</left_child_id>
        <right_child_id>-1</right_child_id>
        <doc_count>612</doc_count>
        <top_terms>
            <term name="billion"/>
            <term name="loans"/>
            <term name="deposits"/>
            <term name="assets"/>
            <term name="net"/>
        </top_terms>
    </node>
    <node id="59">
        <parent_id>45</parent_id>
        <left_child>true</left_child>
        <left_child_id>-1</left_child_id>
        <right_child_id>-1</right_child_id>
        <doc_count>61</doc_count>
        <top_terms>
            <term name="stg"/>
            <term name="money"/>
            <term name="england"/>
            <term name="shortage"/>
            <term name="assistance"/>
        </top_terms>
    </node>
    <node id="60">
        <parent_id>21</parent_id>
        <left_child>true</left_child>
        <left_child_id>-1</left_child_id>
        <right_child_id>-1</right_child_id>
        <doc_count>117</doc_count>
        <top_terms>
            <term name="finance"/>
            <term name="west"/>
            <term name="miyazawa"/>
            <term name="paris"/>
            <term name="accord"/>
        </top_terms>
    </node>
    <node id="61">
        <parent_id>21</parent_id>
        <left_child>true</left_child>
        <left_child_id>-1</left_child_id>
        <right_child_id>-1</right_child_id>
        <doc_count>32</doc_count>
        <top_terms>
            <term name="baker"/>
            <term name="treasury"/>
            <term name="secretary"/>
            <term name="james"/>
            <term name="paris"/>
        </top_terms>
    </node>
</DataSet>
