<?xml version="1.0"?>
<DataSet id="7939">
    <node id="0">
        <parent_id>-1</parent_id>
        <left_child>true</left_child>
        <left_child_id>4</left_child_id>
        <right_child_id>5</right_child_id>
        <doc_count>4252</doc_count>
        <top_terms>
            <term name="qtly"/>
            <term name="div"/>
            <term name="record"/>
            <term name="pay"/>
            <term name="prior"/>
        </top_terms>
    </node>
    <node id="1">
        <parent_id>-1</parent_id>
        <left_child>true</left_child>
        <left_child_id>2</left_child_id>
        <right_child_id>3</right_child_id>
        <doc_count>3732</doc_count>
        <top_terms>
            <term name="net"/>
            <term name="shr"/>
            <term name="loss"/>
            <term name="cts"/>
            <term name="revs"/>
        </top_terms>
    </node>
    <node id="2">
        <parent_id>1</parent_id>
        <left_child>true</left_child>
        <left_child_id>46</left_child_id>
        <right_child_id>47</right_child_id>
        <doc_count>1898</doc_count>
        <top_terms>
            <term name="net"/>
            <term name="cts"/>
            <term name="shr"/>
            <term name="revs"/>
            <term name="avg"/>
        </top_terms>
    </node>
    <node id="3">
        <parent_id>1</parent_id>
        <left_child>true</left_child>
        <left_child_id>14</left_child_id>
        <right_child_id>15</right_child_id>
        <doc_count>1834</doc_count>
        <top_terms>
            <term name="loss"/>
            <term name="profit"/>
            <term name="oper"/>
            <term name="revs"/>
            <term name="shr"/>
        </top_terms>
    </node>
    <node id="4">
        <parent_id>0</parent_id>
        <left_child>true</left_child>
        <left_child_id>-1</left_child_id>
        <right_child_id>-1</right_child_id>
        <doc_count>715</doc_count>
        <top_terms>
            <term name="qtly"/>
            <term name="div"/>
            <term name="record"/>
            <term name="pay"/>
            <term name="prior"/>
        </top_terms>
    </node>
    <node id="5">
        <parent_id>0</parent_id>
        <left_child>true</left_child>
        <left_child_id>6</left_child_id>
        <right_child_id>7</right_child_id>
        <doc_count>3537</doc_count>
        <top_terms>
            <term name="pct"/>
            <term name="shares"/>
            <term name="stock"/>
            <term name="u.s"/>
            <term name="bank"/>
        </top_terms>
    </node>
    <node id="6">
        <parent_id>5</parent_id>
        <left_child>true</left_child>
        <left_child_id>12</left_child_id>
        <right_child_id>13</right_child_id>
        <doc_count>1641</doc_count>
        <top_terms>
            <term name="shares"/>
            <term name="common"/>
            <term name="stock"/>
            <term name="stake"/>
            <term name="offer"/>
        </top_terms>
    </node>
    <node id="7">
        <parent_id>5</parent_id>
        <left_child>true</left_child>
        <left_child_id>8</left_child_id>
        <right_child_id>9</right_child_id>
        <doc_count>1896</doc_count>
        <top_terms>
            <term name="trade"/>
            <term name="u.s"/>
            <term name="pct"/>
            <term name="rate"/>
            <term name="bank"/>
        </top_terms>
    </node>
    <node id="8">
        <parent_id>7</parent_id>
        <left_child>true</left_child>
        <left_child_id>34</left_child_id>
        <right_child_id>35</right_child_id>
        <doc_count>582</doc_count>
        <top_terms>
            <term name="pct"/>
            <term name="rate"/>
            <term name="bank"/>
            <term name="february"/>
            <term name="rates"/>
        </top_terms>
    </node>
    <node id="9">
        <parent_id>7</parent_id>
        <left_child>true</left_child>
        <left_child_id>10</left_child_id>
        <right_child_id>11</right_child_id>
        <doc_count>1314</doc_count>
        <top_terms>
            <term name="trade"/>
            <term name="u.s"/>
            <term name="japan"/>
            <term name="oil"/>
            <term name="japanese"/>
        </top_terms>
    </node>
    <node id="10">
        <parent_id>9</parent_id>
        <left_child>true</left_child>
        <left_child_id>20</left_child_id>
        <right_child_id>21</right_child_id>
        <doc_count>660</doc_count>
        <top_terms>
            <term name="oil"/>
            <term name="crude"/>
            <term name="sugar"/>
            <term name="prices"/>
            <term name="tonnes"/>
        </top_terms>
    </node>
    <node id="11">
        <parent_id>9</parent_id>
        <left_child>true</left_child>
        <left_child_id>16</left_child_id>
        <right_child_id>17</right_child_id>
        <doc_count>654</doc_count>
        <top_terms>
            <term name="trade"/>
            <term name="u.s"/>
            <term name="japan"/>
            <term name="japanese"/>
            <term name="states"/>
        </top_terms>
    </node>
    <node id="12">
        <parent_id>6</parent_id>
        <left_child>true</left_child>
        <left_child_id>-1</left_child_id>
        <right_child_id>-1</right_child_id>
        <doc_count>284</doc_count>
        <top_terms>
            <term name="stake"/>
            <term name="shares"/>
            <term name="commission"/>
            <term name="securities"/>
            <term name="common"/>
        </top_terms>
    </node>
    <node id="13">
        <parent_id>6</parent_id>
        <left_child>true</left_child>
        <left_child_id>18</left_child_id>
        <right_child_id>19</right_child_id>
        <doc_count>1337</doc_count>
        <top_terms>
            <term name="offer"/>
            <term name="shares"/>
            <term name="shareholders"/>
            <term name="merger"/>
            <term name="stock"/>
        </top_terms>
    </node>
    <node id="14">
        <parent_id>3</parent_id>
        <left_child>true</left_child>
        <left_child_id>28</left_child_id>
        <right_child_id>29</right_child_id>
        <doc_count>690</doc_count>
        <top_terms>
            <term name="oper"/>
            <term name="excludes"/>
            <term name="discontinued"/>
            <term name="gain"/>
            <term name="operations"/>
        </top_terms>
    </node>
    <node id="15">
        <parent_id>3</parent_id>
        <left_child>true</left_child>
        <left_child_id>36</left_child_id>
        <right_child_id>37</right_child_id>
        <doc_count>1144</doc_count>
        <top_terms>
            <term name="loss"/>
            <term name="profit"/>
            <term name="revs"/>
            <term name="shr"/>
            <term name="cts"/>
        </top_terms>
    </node>
    <node id="16">
        <parent_id>11</parent_id>
        <left_child>true</left_child>
        <left_child_id>24</left_child_id>
        <right_child_id>25</right_child_id>
        <doc_count>505</doc_count>
        <top_terms>
            <term name="trade"/>
            <term name="u.s"/>
            <term name="japan"/>
            <term name="japanese"/>
            <term name="reagan"/>
        </top_terms>
    </node>
    <node id="17">
        <parent_id>11</parent_id>
        <left_child>true</left_child>
        <left_child_id>52</left_child_id>
        <right_child_id>53</right_child_id>
        <doc_count>149</doc_count>
        <top_terms>
            <term name="baker"/>
            <term name="paris"/>
            <term name="accord"/>
            <term name="finance"/>
            <term name="louvre"/>
        </top_terms>
    </node>
    <node id="18">
        <parent_id>13</parent_id>
        <left_child>true</left_child>
        <left_child_id>44</left_child_id>
        <right_child_id>45</right_child_id>
        <doc_count>391</doc_count>
        <top_terms>
            <term name="offer"/>
            <term name="tender"/>
            <term name="shares"/>
            <term name="bid"/>
            <term name="cyclops"/>
        </top_terms>
    </node>
    <node id="19">
        <parent_id>13</parent_id>
        <left_child>true</left_child>
        <left_child_id>22</left_child_id>
        <right_child_id>23</right_child_id>
        <doc_count>921</doc_count>
        <top_terms>
            <term name="stock"/>
            <term name="common"/>
            <term name="shareholders"/>
            <term name="merger"/>
            <term name="acquisition"/>
        </top_terms>
    </node>
    <node id="20">
        <parent_id>10</parent_id>
        <left_child>true</left_child>
        <left_child_id>26</left_child_id>
        <right_child_id>27</right_child_id>
        <doc_count>381</doc_count>
        <top_terms>
            <term name="sugar"/>
            <term name="tonnes"/>
            <term name="coffee"/>
            <term name="export"/>
            <term name="producers"/>
        </top_terms>
    </node>
    <node id="21">
        <parent_id>10</parent_id>
        <left_child>true</left_child>
        <left_child_id>58</left_child_id>
        <right_child_id>59</right_child_id>
        <doc_count>279</doc_count>
        <top_terms>
            <term name="oil"/>
            <term name="crude"/>
            <term name="barrel"/>
            <term name="texas"/>
            <term name="postings"/>
        </top_terms>
    </node>
    <node id="22">
        <parent_id>19</parent_id>
        <left_child>true</left_child>
        <left_child_id>-1</left_child_id>
        <right_child_id>-1</right_child_id>
        <doc_count>208</doc_count>
        <top_terms>
            <term name="split"/>
            <term name="stock"/>
            <term name="common"/>
            <term name="shareholders"/>
            <term name="shares"/>
        </top_terms>
    </node>
    <node id="23">
        <parent_id>19</parent_id>
        <left_child>true</left_child>
        <left_child_id>30</left_child_id>
        <right_child_id>31</right_child_id>
        <doc_count>713</doc_count>
        <top_terms>
            <term name="acquisition"/>
            <term name="agreement"/>
            <term name="terms"/>
            <term name="acquire"/>
            <term name="merger"/>
        </top_terms>
    </node>
    <node id="24">
        <parent_id>16</parent_id>
        <left_child>true</left_child>
        <left_child_id>-1</left_child_id>
        <right_child_id>-1</right_child_id>
        <doc_count>124</doc_count>
        <top_terms>
            <term name="japanese"/>
            <term name="japan"/>
            <term name="trade"/>
            <term name="semiconductor"/>
            <term name="sanctions"/>
        </top_terms>
    </node>
    <node id="25">
        <parent_id>16</parent_id>
        <left_child>true</left_child>
        <left_child_id>32</left_child_id>
        <right_child_id>33</right_child_id>
        <doc_count>381</doc_count>
        <top_terms>
            <term name="trade"/>
            <term name="u.s"/>
            <term name="bill"/>
            <term name="foreign"/>
            <term name="reagan"/>
        </top_terms>
    </node>
    <node id="26">
        <parent_id>20</parent_id>
        <left_child>true</left_child>
        <left_child_id>-1</left_child_id>
        <right_child_id>-1</right_child_id>
        <doc_count>209</doc_count>
        <top_terms>
            <term name="sugar"/>
            <term name="tonnes"/>
            <term name="traders"/>
            <term name="ec"/>
            <term name="white"/>
        </top_terms>
    </node>
    <node id="27">
        <parent_id>20</parent_id>
        <left_child>true</left_child>
        <left_child_id>-1</left_child_id>
        <right_child_id>-1</right_child_id>
        <doc_count>172</doc_count>
        <top_terms>
            <term name="coffee"/>
            <term name="ico"/>
            <term name="quotas"/>
            <term name="delegates"/>
            <term name="cocoa"/>
        </top_terms>
    </node>
    <node id="28">
        <parent_id>14</parent_id>
        <left_child>true</left_child>
        <left_child_id>38</left_child_id>
        <right_child_id>39</right_child_id>
        <doc_count>443</doc_count>
        <top_terms>
            <term name="quarter"/>
            <term name="earnings"/>
            <term name="dlrs"/>
            <term name="operations"/>
            <term name="year"/>
        </top_terms>
    </node>
    <node id="29">
        <parent_id>14</parent_id>
        <left_child>true</left_child>
        <left_child_id>-1</left_child_id>
        <right_child_id>-1</right_child_id>
        <doc_count>247</doc_count>
        <top_terms>
            <term name="oper"/>
            <term name="loss"/>
            <term name="excludes"/>
            <term name="net"/>
            <term name="cts"/>
        </top_terms>
    </node>
    <node id="30">
        <parent_id>23</parent_id>
        <left_child>true</left_child>
        <left_child_id>-1</left_child_id>
        <right_child_id>-1</right_child_id>
        <doc_count>330</doc_count>
        <top_terms>
            <term name="unit"/>
            <term name="terms"/>
            <term name="sell"/>
            <term name="undisclosed"/>
            <term name="disclosed"/>
        </top_terms>
    </node>
    <node id="31">
        <parent_id>23</parent_id>
        <left_child>true</left_child>
        <left_child_id>-1</left_child_id>
        <right_child_id>-1</right_child_id>
        <doc_count>383</doc_count>
        <top_terms>
            <term name="merger"/>
            <term name="agreement"/>
            <term name="acquisition"/>
            <term name="acquire"/>
            <term name="subject"/>
        </top_terms>
    </node>
    <node id="32">
        <parent_id>25</parent_id>
        <left_child>true</left_child>
        <left_child_id>42</left_child_id>
        <right_child_id>43</right_child_id>
        <doc_count>271</doc_count>
        <top_terms>
            <term name="trade"/>
            <term name="u.s"/>
            <term name="gatt"/>
            <term name="exports"/>
            <term name="ec"/>
        </top_terms>
    </node>
    <node id="33">
        <parent_id>25</parent_id>
        <left_child>true</left_child>
        <left_child_id>-1</left_child_id>
        <right_child_id>-1</right_child_id>
        <doc_count>110</doc_count>
        <top_terms>
            <term name="bill"/>
            <term name="reagan"/>
            <term name="house"/>
            <term name="u.s"/>
            <term name="legislation"/>
        </top_terms>
    </node>
    <node id="34">
        <parent_id>8</parent_id>
        <left_child>true</left_child>
        <left_child_id>-1</left_child_id>
        <right_child_id>-1</right_child_id>
        <doc_count>179</doc_count>
        <top_terms>
            <term name="february"/>
            <term name="inflation"/>
            <term name="pct"/>
            <term name="january"/>
            <term name="rose"/>
        </top_terms>
    </node>
    <node id="35">
        <parent_id>8</parent_id>
        <left_child>true</left_child>
        <left_child_id>54</left_child_id>
        <right_child_id>55</right_child_id>
        <doc_count>403</doc_count>
        <top_terms>
            <term name="rate"/>
            <term name="bank"/>
            <term name="rates"/>
            <term name="prime"/>
            <term name="pct"/>
        </top_terms>
    </node>
    <node id="36">
        <parent_id>15</parent_id>
        <left_child>true</left_child>
        <left_child_id>-1</left_child_id>
        <right_child_id>-1</right_child_id>
        <doc_count>690</doc_count>
        <top_terms>
            <term name="loss"/>
            <term name="revs"/>
            <term name="shr"/>
            <term name="cts"/>
            <term name="net"/>
        </top_terms>
    </node>
    <node id="37">
        <parent_id>15</parent_id>
        <left_child>true</left_child>
        <left_child_id>-1</left_child_id>
        <right_child_id>-1</right_child_id>
        <doc_count>454</doc_count>
        <top_terms>
            <term name="profit"/>
            <term name="net"/>
            <term name="mths"/>
            <term name="mln"/>
            <term name="shr"/>
        </top_terms>
    </node>
    <node id="38">
        <parent_id>28</parent_id>
        <left_child>true</left_child>
        <left_child_id>-1</left_child_id>
        <right_child_id>-1</right_child_id>
        <doc_count>57</doc_count>
        <top_terms>
            <term name="gold"/>
            <term name="mine"/>
            <term name="ounces"/>
            <term name="ounce"/>
            <term name="production"/>
        </top_terms>
    </node>
    <node id="39">
        <parent_id>28</parent_id>
        <left_child>true</left_child>
        <left_child_id>40</left_child_id>
        <right_child_id>41</right_child_id>
        <doc_count>386</doc_count>
        <top_terms>
            <term name="quarter"/>
            <term name="earnings"/>
            <term name="dlrs"/>
            <term name="operations"/>
            <term name="company"/>
        </top_terms>
    </node>
    <node id="40">
        <parent_id>39</parent_id>
        <left_child>true</left_child>
        <left_child_id>-1</left_child_id>
        <right_child_id>-1</right_child_id>
        <doc_count>195</doc_count>
        <top_terms>
            <term name="earnings"/>
            <term name="quarter"/>
            <term name="expects"/>
            <term name="year"/>
            <term name="dlrs"/>
        </top_terms>
    </node>
    <node id="41">
        <parent_id>39</parent_id>
        <left_child>true</left_child>
        <left_child_id>-1</left_child_id>
        <right_child_id>-1</right_child_id>
        <doc_count>191</doc_count>
        <top_terms>
            <term name="sale"/>
            <term name="unit"/>
            <term name="operations"/>
            <term name="gain"/>
            <term name="sell"/>
        </top_terms>
    </node>
    <node id="42">
        <parent_id>32</parent_id>
        <left_child>true</left_child>
        <left_child_id>-1</left_child_id>
        <right_child_id>-1</right_child_id>
        <doc_count>51</doc_count>
        <top_terms>
            <term name="union"/>
            <term name="port"/>
            <term name="strike"/>
            <term name="workers"/>
            <term name="ports"/>
        </top_terms>
    </node>
    <node id="43">
        <parent_id>32</parent_id>
        <left_child>true</left_child>
        <left_child_id>50</left_child_id>
        <right_child_id>51</right_child_id>
        <doc_count>220</doc_count>
        <top_terms>
            <term name="trade"/>
            <term name="u.s"/>
            <term name="gatt"/>
            <term name="ec"/>
            <term name="exports"/>
        </top_terms>
    </node>
    <node id="44">
        <parent_id>18</parent_id>
        <left_child>true</left_child>
        <left_child_id>60</left_child_id>
        <right_child_id>61</right_child_id>
        <doc_count>358</doc_count>
        <top_terms>
            <term name="offer"/>
            <term name="tender"/>
            <term name="shares"/>
            <term name="bid"/>
            <term name="share"/>
        </top_terms>
    </node>
    <node id="45">
        <parent_id>18</parent_id>
        <left_child>true</left_child>
        <left_child_id>-1</left_child_id>
        <right_child_id>-1</right_child_id>
        <doc_count>33</doc_count>
        <top_terms>
            <term name="usair"/>
            <term name="twa"/>
            <term name="piedmont"/>
            <term name="airlines"/>
            <term name="application"/>
        </top_terms>
    </node>
    <node id="46">
        <parent_id>2</parent_id>
        <left_child>true</left_child>
        <left_child_id>48</left_child_id>
        <right_child_id>49</right_child_id>
        <doc_count>1462</doc_count>
        <top_terms>
            <term name="net"/>
            <term name="cts"/>
            <term name="shr"/>
            <term name="revs"/>
            <term name="qtr"/>
        </top_terms>
    </node>
    <node id="47">
        <parent_id>2</parent_id>
        <left_child>true</left_child>
        <left_child_id>-1</left_child_id>
        <right_child_id>-1</right_child_id>
        <doc_count>436</doc_count>
        <top_terms>
            <term name="avg"/>
            <term name="shrs"/>
            <term name="net"/>
            <term name="shr"/>
            <term name="cts"/>
        </top_terms>
    </node>
    <node id="48">
        <parent_id>46</parent_id>
        <left_child>true</left_child>
        <left_child_id>56</left_child_id>
        <right_child_id>57</right_child_id>
        <doc_count>675</doc_count>
        <top_terms>
            <term name="billion"/>
            <term name="loans"/>
            <term name="deposits"/>
            <term name="assets"/>
            <term name="bank"/>
        </top_terms>
    </node>
    <node id="49">
        <parent_id>46</parent_id>
        <left_child>true</left_child>
        <left_child_id>-1</left_child_id>
        <right_child_id>-1</right_child_id>
        <doc_count>787</doc_count>
        <top_terms>
            <term name="net"/>
            <term name="cts"/>
            <term name="shr"/>
            <term name="revs"/>
            <term name="qtr"/>
        </top_terms>
    </node>
    <node id="50">
        <parent_id>43</parent_id>
        <left_child>true</left_child>
        <left_child_id>-1</left_child_id>
        <right_child_id>-1</right_child_id>
        <doc_count>85</doc_count>
        <top_terms>
            <term name="trade"/>
            <term name="gatt"/>
            <term name="ec"/>
            <term name="community"/>
            <term name="ministers"/>
        </top_terms>
    </node>
    <node id="51">
        <parent_id>43</parent_id>
        <left_child>true</left_child>
        <left_child_id>-1</left_child_id>
        <right_child_id>-1</right_child_id>
        <doc_count>135</doc_count>
        <top_terms>
            <term name="trade"/>
            <term name="taiwan"/>
            <term name="u.s"/>
            <term name="surplus"/>
            <term name="billion"/>
        </top_terms>
    </node>
    <node id="52">
        <parent_id>17</parent_id>
        <left_child>true</left_child>
        <left_child_id>-1</left_child_id>
        <right_child_id>-1</right_child_id>
        <doc_count>91</doc_count>
        <top_terms>
            <term name="louvre"/>
            <term name="west"/>
            <term name="stoltenberg"/>
            <term name="german"/>
            <term name="finance"/>
        </top_terms>
    </node>
    <node id="53">
        <parent_id>17</parent_id>
        <left_child>true</left_child>
        <left_child_id>-1</left_child_id>
        <right_child_id>-1</right_child_id>
        <doc_count>58</doc_count>
        <top_terms>
            <term name="paris"/>
            <term name="baker"/>
            <term name="miyazawa"/>
            <term name="nations"/>
            <term name="rates"/>
        </top_terms>
    </node>
    <node id="54">
        <parent_id>35</parent_id>
        <left_child>true</left_child>
        <left_child_id>-1</left_child_id>
        <right_child_id>-1</right_child_id>
        <doc_count>204</doc_count>
        <top_terms>
            <term name="rate"/>
            <term name="prime"/>
            <term name="rates"/>
            <term name="bank"/>
            <term name="pct"/>
        </top_terms>
    </node>
    <node id="55">
        <parent_id>35</parent_id>
        <left_child>true</left_child>
        <left_child_id>-1</left_child_id>
        <right_child_id>-1</right_child_id>
        <doc_count>199</doc_count>
        <top_terms>
            <term name="money"/>
            <term name="fed"/>
            <term name="bank"/>
            <term name="market"/>
            <term name="stg"/>
        </top_terms>
    </node>
    <node id="56">
        <parent_id>48</parent_id>
        <left_child>true</left_child>
        <left_child_id>-1</left_child_id>
        <right_child_id>-1</right_child_id>
        <doc_count>614</doc_count>
        <top_terms>
            <term name="billion"/>
            <term name="loans"/>
            <term name="deposits"/>
            <term name="assets"/>
            <term name="net"/>
        </top_terms>
    </node>
    <node id="57">
        <parent_id>48</parent_id>
        <left_child>true</left_child>
        <left_child_id>-1</left_child_id>
        <right_child_id>-1</right_child_id>
        <doc_count>61</doc_count>
        <top_terms>
            <term name="stg"/>
            <term name="money"/>
            <term name="england"/>
            <term name="shortage"/>
            <term name="assistance"/>
        </top_terms>
    </node>
    <node id="58">
        <parent_id>21</parent_id>
        <left_child>true</left_child>
        <left_child_id>-1</left_child_id>
        <right_child_id>-1</right_child_id>
        <doc_count>223</doc_count>
        <top_terms>
            <term name="oil"/>
            <term name="opec"/>
            <term name="bpd"/>
            <term name="barrels"/>
            <term name="prices"/>
        </top_terms>
    </node>
    <node id="59">
        <parent_id>21</parent_id>
        <left_child>true</left_child>
        <left_child_id>-1</left_child_id>
        <right_child_id>-1</right_child_id>
        <doc_count>56</doc_count>
        <top_terms>
            <term name="crude"/>
            <term name="barrel"/>
            <term name="postings"/>
            <term name="texas"/>
            <term name="sour"/>
        </top_terms>
    </node>
    <node id="60">
        <parent_id>44</parent_id>
        <left_child>true</left_child>
        <left_child_id>-1</left_child_id>
        <right_child_id>-1</right_child_id>
        <doc_count>24</doc_count>
        <top_terms>
            <term name="gencorp"/>
            <term name="afg"/>
            <term name="wagner"/>
            <term name="general"/>
            <term name="gencorp's"/>
        </top_terms>
    </node>
    <node id="61">
        <parent_id>44</parent_id>
        <left_child>true</left_child>
        <left_child_id>-1</left_child_id>
        <right_child_id>-1</right_child_id>
        <doc_count>334</doc_count>
        <top_terms>
            <term name="offer"/>
            <term name="shares"/>
            <term name="tender"/>
            <term name="bid"/>
            <term name="share"/>
        </top_terms>
    </node>
</DataSet>
