<?xml version="1.0"?>
<DataSet id="7958">
    <node id="0">
        <parent_id>-1</parent_id>
        <left_child>true</left_child>
        <left_child_id>4</left_child_id>
        <right_child_id>5</right_child_id>
        <doc_count>4253</doc_count>
        <top_terms>
            <term name="qtly"/>
            <term name="div"/>
            <term name="record"/>
            <term name="pay"/>
            <term name="prior"/>
        </top_terms>
    </node>
    <node id="1">
        <parent_id>-1</parent_id>
        <left_child>true</left_child>
        <left_child_id>2</left_child_id>
        <right_child_id>3</right_child_id>
        <doc_count>3731</doc_count>
        <top_terms>
            <term name="net"/>
            <term name="shr"/>
            <term name="loss"/>
            <term name="cts"/>
            <term name="revs"/>
        </top_terms>
    </node>
    <node id="2">
        <parent_id>1</parent_id>
        <left_child>true</left_child>
        <left_child_id>44</left_child_id>
        <right_child_id>45</right_child_id>
        <doc_count>1900</doc_count>
        <top_terms>
            <term name="net"/>
            <term name="cts"/>
            <term name="shr"/>
            <term name="revs"/>
            <term name="avg"/>
        </top_terms>
    </node>
    <node id="3">
        <parent_id>1</parent_id>
        <left_child>true</left_child>
        <left_child_id>16</left_child_id>
        <right_child_id>17</right_child_id>
        <doc_count>1831</doc_count>
        <top_terms>
            <term name="loss"/>
            <term name="profit"/>
            <term name="oper"/>
            <term name="revs"/>
            <term name="shr"/>
        </top_terms>
    </node>
    <node id="4">
        <parent_id>0</parent_id>
        <left_child>true</left_child>
        <left_child_id>-1</left_child_id>
        <right_child_id>-1</right_child_id>
        <doc_count>715</doc_count>
        <top_terms>
            <term name="qtly"/>
            <term name="div"/>
            <term name="record"/>
            <term name="pay"/>
            <term name="prior"/>
        </top_terms>
    </node>
    <node id="5">
        <parent_id>0</parent_id>
        <left_child>true</left_child>
        <left_child_id>6</left_child_id>
        <right_child_id>7</right_child_id>
        <doc_count>3538</doc_count>
        <top_terms>
            <term name="pct"/>
            <term name="shares"/>
            <term name="stock"/>
            <term name="u.s"/>
            <term name="bank"/>
        </top_terms>
    </node>
    <node id="6">
        <parent_id>5</parent_id>
        <left_child>true</left_child>
        <left_child_id>10</left_child_id>
        <right_child_id>11</right_child_id>
        <doc_count>1641</doc_count>
        <top_terms>
            <term name="shares"/>
            <term name="common"/>
            <term name="stock"/>
            <term name="stake"/>
            <term name="offer"/>
        </top_terms>
    </node>
    <node id="7">
        <parent_id>5</parent_id>
        <left_child>true</left_child>
        <left_child_id>8</left_child_id>
        <right_child_id>9</right_child_id>
        <doc_count>1897</doc_count>
        <top_terms>
            <term name="trade"/>
            <term name="u.s"/>
            <term name="pct"/>
            <term name="rate"/>
            <term name="bank"/>
        </top_terms>
    </node>
    <node id="8">
        <parent_id>7</parent_id>
        <left_child>true</left_child>
        <left_child_id>18</left_child_id>
        <right_child_id>19</right_child_id>
        <doc_count>748</doc_count>
        <top_terms>
            <term name="oil"/>
            <term name="sugar"/>
            <term name="tonnes"/>
            <term name="prices"/>
            <term name="crude"/>
        </top_terms>
    </node>
    <node id="9">
        <parent_id>7</parent_id>
        <left_child>true</left_child>
        <left_child_id>12</left_child_id>
        <right_child_id>13</right_child_id>
        <doc_count>1149</doc_count>
        <top_terms>
            <term name="rate"/>
            <term name="pct"/>
            <term name="bank"/>
            <term name="trade"/>
            <term name="u.s"/>
        </top_terms>
    </node>
    <node id="10">
        <parent_id>6</parent_id>
        <left_child>true</left_child>
        <left_child_id>82</left_child_id>
        <right_child_id>83</right_child_id>
        <doc_count>284</doc_count>
        <top_terms>
            <term name="stake"/>
            <term name="shares"/>
            <term name="commission"/>
            <term name="securities"/>
            <term name="common"/>
        </top_terms>
    </node>
    <node id="11">
        <parent_id>6</parent_id>
        <left_child>true</left_child>
        <left_child_id>14</left_child_id>
        <right_child_id>15</right_child_id>
        <doc_count>1337</doc_count>
        <top_terms>
            <term name="offer"/>
            <term name="shares"/>
            <term name="shareholders"/>
            <term name="merger"/>
            <term name="stock"/>
        </top_terms>
    </node>
    <node id="12">
        <parent_id>9</parent_id>
        <left_child>true</left_child>
        <left_child_id>32</left_child_id>
        <right_child_id>33</right_child_id>
        <doc_count>562</doc_count>
        <top_terms>
            <term name="pct"/>
            <term name="rate"/>
            <term name="bank"/>
            <term name="february"/>
            <term name="rates"/>
        </top_terms>
    </node>
    <node id="13">
        <parent_id>9</parent_id>
        <left_child>true</left_child>
        <left_child_id>20</left_child_id>
        <right_child_id>21</right_child_id>
        <doc_count>587</doc_count>
        <top_terms>
            <term name="trade"/>
            <term name="u.s"/>
            <term name="japan"/>
            <term name="japanese"/>
            <term name="states"/>
        </top_terms>
    </node>
    <node id="14">
        <parent_id>11</parent_id>
        <left_child>true</left_child>
        <left_child_id>28</left_child_id>
        <right_child_id>29</right_child_id>
        <doc_count>706</doc_count>
        <top_terms>
            <term name="acquisition"/>
            <term name="agreement"/>
            <term name="merger"/>
            <term name="terms"/>
            <term name="acquire"/>
        </top_terms>
    </node>
    <node id="15">
        <parent_id>11</parent_id>
        <left_child>true</left_child>
        <left_child_id>30</left_child_id>
        <right_child_id>31</right_child_id>
        <doc_count>631</doc_count>
        <top_terms>
            <term name="offer"/>
            <term name="shares"/>
            <term name="tender"/>
            <term name="stock"/>
            <term name="share"/>
        </top_terms>
    </node>
    <node id="16">
        <parent_id>3</parent_id>
        <left_child>true</left_child>
        <left_child_id>24</left_child_id>
        <right_child_id>25</right_child_id>
        <doc_count>689</doc_count>
        <top_terms>
            <term name="oper"/>
            <term name="excludes"/>
            <term name="discontinued"/>
            <term name="gain"/>
            <term name="operations"/>
        </top_terms>
    </node>
    <node id="17">
        <parent_id>3</parent_id>
        <left_child>true</left_child>
        <left_child_id>36</left_child_id>
        <right_child_id>37</right_child_id>
        <doc_count>1142</doc_count>
        <top_terms>
            <term name="loss"/>
            <term name="profit"/>
            <term name="revs"/>
            <term name="shr"/>
            <term name="cts"/>
        </top_terms>
    </node>
    <node id="18">
        <parent_id>8</parent_id>
        <left_child>true</left_child>
        <left_child_id>22</left_child_id>
        <right_child_id>23</right_child_id>
        <doc_count>432</doc_count>
        <top_terms>
            <term name="sugar"/>
            <term name="tonnes"/>
            <term name="coffee"/>
            <term name="export"/>
            <term name="producers"/>
        </top_terms>
    </node>
    <node id="19">
        <parent_id>8</parent_id>
        <left_child>true</left_child>
        <left_child_id>50</left_child_id>
        <right_child_id>51</right_child_id>
        <doc_count>316</doc_count>
        <top_terms>
            <term name="oil"/>
            <term name="crude"/>
            <term name="barrel"/>
            <term name="texas"/>
            <term name="postings"/>
        </top_terms>
    </node>
    <node id="20">
        <parent_id>13</parent_id>
        <left_child>true</left_child>
        <left_child_id>26</left_child_id>
        <right_child_id>27</right_child_id>
        <doc_count>438</doc_count>
        <top_terms>
            <term name="trade"/>
            <term name="japan"/>
            <term name="u.s"/>
            <term name="japanese"/>
            <term name="tariffs"/>
        </top_terms>
    </node>
    <node id="21">
        <parent_id>13</parent_id>
        <left_child>true</left_child>
        <left_child_id>58</left_child_id>
        <right_child_id>59</right_child_id>
        <doc_count>149</doc_count>
        <top_terms>
            <term name="baker"/>
            <term name="paris"/>
            <term name="accord"/>
            <term name="louvre"/>
            <term name="rates"/>
        </top_terms>
    </node>
    <node id="22">
        <parent_id>18</parent_id>
        <left_child>true</left_child>
        <left_child_id>86</left_child_id>
        <right_child_id>87</right_child_id>
        <doc_count>232</doc_count>
        <top_terms>
            <term name="sugar"/>
            <term name="tonnes"/>
            <term name="traders"/>
            <term name="ec"/>
            <term name="white"/>
        </top_terms>
    </node>
    <node id="23">
        <parent_id>18</parent_id>
        <left_child>true</left_child>
        <left_child_id>66</left_child_id>
        <right_child_id>67</right_child_id>
        <doc_count>200</doc_count>
        <top_terms>
            <term name="coffee"/>
            <term name="ico"/>
            <term name="quotas"/>
            <term name="cocoa"/>
            <term name="delegates"/>
        </top_terms>
    </node>
    <node id="24">
        <parent_id>16</parent_id>
        <left_child>true</left_child>
        <left_child_id>-1</left_child_id>
        <right_child_id>-1</right_child_id>
        <doc_count>247</doc_count>
        <top_terms>
            <term name="oper"/>
            <term name="loss"/>
            <term name="excludes"/>
            <term name="net"/>
            <term name="cts"/>
        </top_terms>
    </node>
    <node id="25">
        <parent_id>16</parent_id>
        <left_child>true</left_child>
        <left_child_id>38</left_child_id>
        <right_child_id>39</right_child_id>
        <doc_count>442</doc_count>
        <top_terms>
            <term name="quarter"/>
            <term name="earnings"/>
            <term name="dlrs"/>
            <term name="operations"/>
            <term name="year"/>
        </top_terms>
    </node>
    <node id="26">
        <parent_id>20</parent_id>
        <left_child>true</left_child>
        <left_child_id>34</left_child_id>
        <right_child_id>35</right_child_id>
        <doc_count>318</doc_count>
        <top_terms>
            <term name="trade"/>
            <term name="u.s"/>
            <term name="bill"/>
            <term name="foreign"/>
            <term name="surplus"/>
        </top_terms>
    </node>
    <node id="27">
        <parent_id>20</parent_id>
        <left_child>true</left_child>
        <left_child_id>112</left_child_id>
        <right_child_id>113</right_child_id>
        <doc_count>120</doc_count>
        <top_terms>
            <term name="japanese"/>
            <term name="japan"/>
            <term name="trade"/>
            <term name="semiconductor"/>
            <term name="sanctions"/>
        </top_terms>
    </node>
    <node id="28">
        <parent_id>14</parent_id>
        <left_child>true</left_child>
        <left_child_id>84</left_child_id>
        <right_child_id>85</right_child_id>
        <doc_count>359</doc_count>
        <top_terms>
            <term name="unit"/>
            <term name="terms"/>
            <term name="sell"/>
            <term name="undisclosed"/>
            <term name="disclosed"/>
        </top_terms>
    </node>
    <node id="29">
        <parent_id>14</parent_id>
        <left_child>true</left_child>
        <left_child_id>94</left_child_id>
        <right_child_id>95</right_child_id>
        <doc_count>347</doc_count>
        <top_terms>
            <term name="merger"/>
            <term name="agreement"/>
            <term name="acquisition"/>
            <term name="shareholders"/>
            <term name="subject"/>
        </top_terms>
    </node>
    <node id="30">
        <parent_id>15</parent_id>
        <left_child>true</left_child>
        <left_child_id>-1</left_child_id>
        <right_child_id>-1</right_child_id>
        <doc_count>147</doc_count>
        <top_terms>
            <term name="split"/>
            <term name="stock"/>
            <term name="common"/>
            <term name="shareholders"/>
            <term name="two-for-one"/>
        </top_terms>
    </node>
    <node id="31">
        <parent_id>15</parent_id>
        <left_child>true</left_child>
        <left_child_id>42</left_child_id>
        <right_child_id>43</right_child_id>
        <doc_count>484</doc_count>
        <top_terms>
            <term name="offer"/>
            <term name="tender"/>
            <term name="shares"/>
            <term name="bid"/>
            <term name="share"/>
        </top_terms>
    </node>
    <node id="32">
        <parent_id>12</parent_id>
        <left_child>true</left_child>
        <left_child_id>48</left_child_id>
        <right_child_id>49</right_child_id>
        <doc_count>393</doc_count>
        <top_terms>
            <term name="bank"/>
            <term name="rate"/>
            <term name="rates"/>
            <term name="prime"/>
            <term name="pct"/>
        </top_terms>
    </node>
    <node id="33">
        <parent_id>12</parent_id>
        <left_child>true</left_child>
        <left_child_id>-1</left_child_id>
        <right_child_id>-1</right_child_id>
        <doc_count>169</doc_count>
        <top_terms>
            <term name="february"/>
            <term name="inflation"/>
            <term name="pct"/>
            <term name="january"/>
            <term name="rose"/>
        </top_terms>
    </node>
    <node id="34">
        <parent_id>26</parent_id>
        <left_child>true</left_child>
        <left_child_id>-1</left_child_id>
        <right_child_id>-1</right_child_id>
        <doc_count>73</doc_count>
        <top_terms>
            <term name="bill"/>
            <term name="house"/>
            <term name="reagan"/>
            <term name="legislation"/>
            <term name="trade"/>
        </top_terms>
    </node>
    <node id="35">
        <parent_id>26</parent_id>
        <left_child>true</left_child>
        <left_child_id>40</left_child_id>
        <right_child_id>41</right_child_id>
        <doc_count>245</doc_count>
        <top_terms>
            <term name="trade"/>
            <term name="u.s"/>
            <term name="gatt"/>
            <term name="billion"/>
            <term name="surplus"/>
        </top_terms>
    </node>
    <node id="36">
        <parent_id>17</parent_id>
        <left_child>true</left_child>
        <left_child_id>80</left_child_id>
        <right_child_id>81</right_child_id>
        <doc_count>453</doc_count>
        <top_terms>
            <term name="profit"/>
            <term name="net"/>
            <term name="mths"/>
            <term name="mln"/>
            <term name="shr"/>
        </top_terms>
    </node>
    <node id="37">
        <parent_id>17</parent_id>
        <left_child>true</left_child>
        <left_child_id>-1</left_child_id>
        <right_child_id>-1</right_child_id>
        <doc_count>689</doc_count>
        <top_terms>
            <term name="loss"/>
            <term name="revs"/>
            <term name="shr"/>
            <term name="cts"/>
            <term name="net"/>
        </top_terms>
    </node>
    <node id="38">
        <parent_id>25</parent_id>
        <left_child>true</left_child>
        <left_child_id>62</left_child_id>
        <right_child_id>63</right_child_id>
        <doc_count>208</doc_count>
        <top_terms>
            <term name="earnings"/>
            <term name="quarter"/>
            <term name="expects"/>
            <term name="year"/>
            <term name="dlrs"/>
        </top_terms>
    </node>
    <node id="39">
        <parent_id>25</parent_id>
        <left_child>true</left_child>
        <left_child_id>78</left_child_id>
        <right_child_id>79</right_child_id>
        <doc_count>234</doc_count>
        <top_terms>
            <term name="sale"/>
            <term name="unit"/>
            <term name="gold"/>
            <term name="operations"/>
            <term name="mine"/>
        </top_terms>
    </node>
    <node id="40">
        <parent_id>35</parent_id>
        <left_child>true</left_child>
        <left_child_id>116</left_child_id>
        <right_child_id>117</right_child_id>
        <doc_count>71</doc_count>
        <top_terms>
            <term name="trade"/>
            <term name="gatt"/>
            <term name="ec"/>
            <term name="yeutter"/>
            <term name="ministers"/>
        </top_terms>
    </node>
    <node id="41">
        <parent_id>35</parent_id>
        <left_child>true</left_child>
        <left_child_id>60</left_child_id>
        <right_child_id>61</right_child_id>
        <doc_count>174</doc_count>
        <top_terms>
            <term name="trade"/>
            <term name="surplus"/>
            <term name="billion"/>
            <term name="u.s"/>
            <term name="taiwan"/>
        </top_terms>
    </node>
    <node id="42">
        <parent_id>31</parent_id>
        <left_child>true</left_child>
        <left_child_id>52</left_child_id>
        <right_child_id>53</right_child_id>
        <doc_count>451</doc_count>
        <top_terms>
            <term name="offer"/>
            <term name="tender"/>
            <term name="shares"/>
            <term name="bid"/>
            <term name="share"/>
        </top_terms>
    </node>
    <node id="43">
        <parent_id>31</parent_id>
        <left_child>true</left_child>
        <left_child_id>-1</left_child_id>
        <right_child_id>-1</right_child_id>
        <doc_count>33</doc_count>
        <top_terms>
            <term name="usair"/>
            <term name="twa"/>
            <term name="piedmont"/>
            <term name="airlines"/>
            <term name="application"/>
        </top_terms>
    </node>
    <node id="44">
        <parent_id>2</parent_id>
        <left_child>true</left_child>
        <left_child_id>46</left_child_id>
        <right_child_id>47</right_child_id>
        <doc_count>1460</doc_count>
        <top_terms>
            <term name="net"/>
            <term name="cts"/>
            <term name="shr"/>
            <term name="revs"/>
            <term name="qtr"/>
        </top_terms>
    </node>
    <node id="45">
        <parent_id>2</parent_id>
        <left_child>true</left_child>
        <left_child_id>-1</left_child_id>
        <right_child_id>-1</right_child_id>
        <doc_count>440</doc_count>
        <top_terms>
            <term name="avg"/>
            <term name="shrs"/>
            <term name="net"/>
            <term name="shr"/>
            <term name="cts"/>
        </top_terms>
    </node>
    <node id="46">
        <parent_id>44</parent_id>
        <left_child>true</left_child>
        <left_child_id>-1</left_child_id>
        <right_child_id>-1</right_child_id>
        <doc_count>785</doc_count>
        <top_terms>
            <term name="net"/>
            <term name="cts"/>
            <term name="shr"/>
            <term name="revs"/>
            <term name="qtr"/>
        </top_terms>
    </node>
    <node id="47">
        <parent_id>44</parent_id>
        <left_child>true</left_child>
        <left_child_id>56</left_child_id>
        <right_child_id>57</right_child_id>
        <doc_count>675</doc_count>
        <top_terms>
            <term name="billion"/>
            <term name="loans"/>
            <term name="deposits"/>
            <term name="assets"/>
            <term name="bank"/>
        </top_terms>
    </node>
    <node id="48">
        <parent_id>32</parent_id>
        <left_child>true</left_child>
        <left_child_id>68</left_child_id>
        <right_child_id>69</right_child_id>
        <doc_count>209</doc_count>
        <top_terms>
            <term name="money"/>
            <term name="fed"/>
            <term name="bank"/>
            <term name="market"/>
            <term name="stg"/>
        </top_terms>
    </node>
    <node id="49">
        <parent_id>32</parent_id>
        <left_child>true</left_child>
        <left_child_id>108</left_child_id>
        <right_child_id>109</right_child_id>
        <doc_count>184</doc_count>
        <top_terms>
            <term name="rate"/>
            <term name="prime"/>
            <term name="rates"/>
            <term name="bank"/>
            <term name="pct"/>
        </top_terms>
    </node>
    <node id="50">
        <parent_id>19</parent_id>
        <left_child>true</left_child>
        <left_child_id>-1</left_child_id>
        <right_child_id>-1</right_child_id>
        <doc_count>65</doc_count>
        <top_terms>
            <term name="crude"/>
            <term name="barrel"/>
            <term name="postings"/>
            <term name="texas"/>
            <term name="sour"/>
        </top_terms>
    </node>
    <node id="51">
        <parent_id>19</parent_id>
        <left_child>true</left_child>
        <left_child_id>64</left_child_id>
        <right_child_id>65</right_child_id>
        <doc_count>251</doc_count>
        <top_terms>
            <term name="oil"/>
            <term name="opec"/>
            <term name="bpd"/>
            <term name="barrels"/>
            <term name="crude"/>
        </top_terms>
    </node>
    <node id="52">
        <parent_id>42</parent_id>
        <left_child>true</left_child>
        <left_child_id>54</left_child_id>
        <right_child_id>55</right_child_id>
        <doc_count>426</doc_count>
        <top_terms>
            <term name="offer"/>
            <term name="shares"/>
            <term name="tender"/>
            <term name="bid"/>
            <term name="share"/>
        </top_terms>
    </node>
    <node id="53">
        <parent_id>42</parent_id>
        <left_child>true</left_child>
        <left_child_id>-1</left_child_id>
        <right_child_id>-1</right_child_id>
        <doc_count>25</doc_count>
        <top_terms>
            <term name="cyclops"/>
            <term name="dixons"/>
            <term name="cyacq"/>
            <term name="cyl"/>
            <term name="tender"/>
        </top_terms>
    </node>
    <node id="54">
        <parent_id>52</parent_id>
        <left_child>true</left_child>
        <left_child_id>70</left_child_id>
        <right_child_id>71</right_child_id>
        <doc_count>204</doc_count>
        <top_terms>
            <term name="gencorp"/>
            <term name="offer"/>
            <term name="takeover"/>
            <term name="board"/>
            <term name="bid"/>
        </top_terms>
    </node>
    <node id="55">
        <parent_id>52</parent_id>
        <left_child>true</left_child>
        <left_child_id>-1</left_child_id>
        <right_child_id>-1</right_child_id>
        <doc_count>222</doc_count>
        <top_terms>
            <term name="offer"/>
            <term name="tender"/>
            <term name="shares"/>
            <term name="share"/>
            <term name="extended"/>
        </top_terms>
    </node>
    <node id="56">
        <parent_id>47</parent_id>
        <left_child>true</left_child>
        <left_child_id>72</left_child_id>
        <right_child_id>73</right_child_id>
        <doc_count>614</doc_count>
        <top_terms>
            <term name="billion"/>
            <term name="loans"/>
            <term name="deposits"/>
            <term name="assets"/>
            <term name="net"/>
        </top_terms>
    </node>
    <node id="57">
        <parent_id>47</parent_id>
        <left_child>true</left_child>
        <left_child_id>-1</left_child_id>
        <right_child_id>-1</right_child_id>
        <doc_count>61</doc_count>
        <top_terms>
            <term name="stg"/>
            <term name="money"/>
            <term name="england"/>
            <term name="shortage"/>
            <term name="assistance"/>
        </top_terms>
    </node>
    <node id="58">
        <parent_id>21</parent_id>
        <left_child>true</left_child>
        <left_child_id>-1</left_child_id>
        <right_child_id>-1</right_child_id>
        <doc_count>78</doc_count>
        <top_terms>
            <term name="paris"/>
            <term name="baker"/>
            <term name="nations"/>
            <term name="miyazawa"/>
            <term name="rates"/>
        </top_terms>
    </node>
    <node id="59">
        <parent_id>21</parent_id>
        <left_child>true</left_child>
        <left_child_id>-1</left_child_id>
        <right_child_id>-1</right_child_id>
        <doc_count>71</doc_count>
        <top_terms>
            <term name="louvre"/>
            <term name="west"/>
            <term name="stoltenberg"/>
            <term name="german"/>
            <term name="finance"/>
        </top_terms>
    </node>
    <node id="60">
        <parent_id>41</parent_id>
        <left_child>true</left_child>
        <left_child_id>-1</left_child_id>
        <right_child_id>-1</right_child_id>
        <doc_count>42</doc_count>
        <top_terms>
            <term name="taiwan"/>
            <term name="trade"/>
            <term name="surplus"/>
            <term name="taiwan's"/>
            <term name="billion"/>
        </top_terms>
    </node>
    <node id="61">
        <parent_id>41</parent_id>
        <left_child>true</left_child>
        <left_child_id>74</left_child_id>
        <right_child_id>75</right_child_id>
        <doc_count>132</doc_count>
        <top_terms>
            <term name="trade"/>
            <term name="government"/>
            <term name="economy"/>
            <term name="union"/>
            <term name="world"/>
        </top_terms>
    </node>
    <node id="62">
        <parent_id>38</parent_id>
        <left_child>true</left_child>
        <left_child_id>-1</left_child_id>
        <right_child_id>-1</right_child_id>
        <doc_count>76</doc_count>
        <top_terms>
            <term name="pct"/>
            <term name="growth"/>
            <term name="oil"/>
            <term name="billion"/>
            <term name="rose"/>
        </top_terms>
    </node>
    <node id="63">
        <parent_id>38</parent_id>
        <left_child>true</left_child>
        <left_child_id>-1</left_child_id>
        <right_child_id>-1</right_child_id>
        <doc_count>132</doc_count>
        <top_terms>
            <term name="earnings"/>
            <term name="quarter"/>
            <term name="expects"/>
            <term name="revenues"/>
            <term name="dlrs"/>
        </top_terms>
    </node>
    <node id="64">
        <parent_id>51</parent_id>
        <left_child>true</left_child>
        <left_child_id>106</left_child_id>
        <right_child_id>107</right_child_id>
        <doc_count>172</doc_count>
        <top_terms>
            <term name="oil"/>
            <term name="barrels"/>
            <term name="crude"/>
            <term name="energy"/>
            <term name="bpd"/>
        </top_terms>
    </node>
    <node id="65">
        <parent_id>51</parent_id>
        <left_child>true</left_child>
        <left_child_id>-1</left_child_id>
        <right_child_id>-1</right_child_id>
        <doc_count>79</doc_count>
        <top_terms>
            <term name="opec"/>
            <term name="saudi"/>
            <term name="oil"/>
            <term name="bpd"/>
            <term name="prices"/>
        </top_terms>
    </node>
    <node id="66">
        <parent_id>23</parent_id>
        <left_child>true</left_child>
        <left_child_id>118</left_child_id>
        <right_child_id>119</right_child_id>
        <doc_count>150</doc_count>
        <top_terms>
            <term name="coffee"/>
            <term name="ico"/>
            <term name="quotas"/>
            <term name="export"/>
            <term name="brazil"/>
        </top_terms>
    </node>
    <node id="67">
        <parent_id>23</parent_id>
        <left_child>true</left_child>
        <left_child_id>-1</left_child_id>
        <right_child_id>-1</right_child_id>
        <doc_count>50</doc_count>
        <top_terms>
            <term name="cocoa"/>
            <term name="buffer"/>
            <term name="icco"/>
            <term name="delegates"/>
            <term name="rules"/>
        </top_terms>
    </node>
    <node id="68">
        <parent_id>48</parent_id>
        <left_child>true</left_child>
        <left_child_id>-1</left_child_id>
        <right_child_id>-1</right_child_id>
        <doc_count>60</doc_count>
        <top_terms>
            <term name="stg"/>
            <term name="money"/>
            <term name="bank"/>
            <term name="band"/>
            <term name="bills"/>
        </top_terms>
    </node>
    <node id="69">
        <parent_id>48</parent_id>
        <left_child>true</left_child>
        <left_child_id>-1</left_child_id>
        <right_child_id>-1</right_child_id>
        <doc_count>149</doc_count>
        <top_terms>
            <term name="fed"/>
            <term name="reserves"/>
            <term name="federal"/>
            <term name="reserve"/>
            <term name="funds"/>
        </top_terms>
    </node>
    <node id="70">
        <parent_id>54</parent_id>
        <left_child>true</left_child>
        <left_child_id>96</left_child_id>
        <right_child_id>97</right_child_id>
        <doc_count>184</doc_count>
        <top_terms>
            <term name="offer"/>
            <term name="bid"/>
            <term name="takeover"/>
            <term name="board"/>
            <term name="proposal"/>
        </top_terms>
    </node>
    <node id="71">
        <parent_id>54</parent_id>
        <left_child>true</left_child>
        <left_child_id>-1</left_child_id>
        <right_child_id>-1</right_child_id>
        <doc_count>20</doc_count>
        <top_terms>
            <term name="gencorp"/>
            <term name="afg"/>
            <term name="wagner"/>
            <term name="gencorp's"/>
            <term name="general"/>
        </top_terms>
    </node>
    <node id="72">
        <parent_id>56</parent_id>
        <left_child>true</left_child>
        <left_child_id>-1</left_child_id>
        <right_child_id>-1</right_child_id>
        <doc_count>118</doc_count>
        <top_terms>
            <term name="billion"/>
            <term name="loans"/>
            <term name="deposits"/>
            <term name="assets"/>
            <term name="net"/>
        </top_terms>
    </node>
    <node id="73">
        <parent_id>56</parent_id>
        <left_child>true</left_child>
        <left_child_id>76</left_child_id>
        <right_child_id>77</right_child_id>
        <doc_count>496</doc_count>
        <top_terms>
            <term name="billion"/>
            <term name="january"/>
            <term name="rose"/>
            <term name="february"/>
            <term name="dlrs"/>
        </top_terms>
    </node>
    <node id="74">
        <parent_id>61</parent_id>
        <left_child>true</left_child>
        <left_child_id>-1</left_child_id>
        <right_child_id>-1</right_child_id>
        <doc_count>29</doc_count>
        <top_terms>
            <term name="ports"/>
            <term name="strike"/>
            <term name="workers"/>
            <term name="union"/>
            <term name="ships"/>
        </top_terms>
    </node>
    <node id="75">
        <parent_id>61</parent_id>
        <left_child>true</left_child>
        <left_child_id>88</left_child_id>
        <right_child_id>89</right_child_id>
        <doc_count>103</doc_count>
        <top_terms>
            <term name="trade"/>
            <term name="economy"/>
            <term name="u.s"/>
            <term name="government"/>
            <term name="world"/>
        </top_terms>
    </node>
    <node id="76">
        <parent_id>73</parent_id>
        <left_child>true</left_child>
        <left_child_id>-1</left_child_id>
        <right_child_id>-1</right_child_id>
        <doc_count>133</doc_count>
        <top_terms>
            <term name="billion"/>
            <term name="january"/>
            <term name="rose"/>
            <term name="february"/>
            <term name="m-1"/>
        </top_terms>
    </node>
    <node id="77">
        <parent_id>73</parent_id>
        <left_child>true</left_child>
        <left_child_id>92</left_child_id>
        <right_child_id>93</right_child_id>
        <doc_count>363</doc_count>
        <top_terms>
            <term name="sales"/>
            <term name="dlrs"/>
            <term name="earnings"/>
            <term name="company"/>
            <term name="mln"/>
        </top_terms>
    </node>
    <node id="78">
        <parent_id>39</parent_id>
        <left_child>true</left_child>
        <left_child_id>-1</left_child_id>
        <right_child_id>-1</right_child_id>
        <doc_count>44</doc_count>
        <top_terms>
            <term name="gold"/>
            <term name="mine"/>
            <term name="ounces"/>
            <term name="ton"/>
            <term name="ounce"/>
        </top_terms>
    </node>
    <node id="79">
        <parent_id>39</parent_id>
        <left_child>true</left_child>
        <left_child_id>-1</left_child_id>
        <right_child_id>-1</right_child_id>
        <doc_count>190</doc_count>
        <top_terms>
            <term name="sale"/>
            <term name="operations"/>
            <term name="unit"/>
            <term name="sell"/>
            <term name="gain"/>
        </top_terms>
    </node>
    <node id="80">
        <parent_id>36</parent_id>
        <left_child>true</left_child>
        <left_child_id>-1</left_child_id>
        <right_child_id>-1</right_child_id>
        <doc_count>179</doc_count>
        <top_terms>
            <term name="profit"/>
            <term name="loss"/>
            <term name="net"/>
            <term name="shr"/>
            <term name="cts"/>
        </top_terms>
    </node>
    <node id="81">
        <parent_id>36</parent_id>
        <left_child>true</left_child>
        <left_child_id>90</left_child_id>
        <right_child_id>91</right_child_id>
        <doc_count>274</doc_count>
        <top_terms>
            <term name="profit"/>
            <term name="stg"/>
            <term name="turnover"/>
            <term name="billion"/>
            <term name="debit"/>
        </top_terms>
    </node>
    <node id="82">
        <parent_id>10</parent_id>
        <left_child>true</left_child>
        <left_child_id>-1</left_child_id>
        <right_child_id>-1</right_child_id>
        <doc_count>110</doc_count>
        <top_terms>
            <term name="bought"/>
            <term name="stake"/>
            <term name="investment"/>
            <term name="shares"/>
            <term name="commission"/>
        </top_terms>
    </node>
    <node id="83">
        <parent_id>10</parent_id>
        <left_child>true</left_child>
        <left_child_id>-1</left_child_id>
        <right_child_id>-1</right_child_id>
        <doc_count>174</doc_count>
        <top_terms>
            <term name="stake"/>
            <term name="shares"/>
            <term name="group"/>
            <term name="common"/>
            <term name="filing"/>
        </top_terms>
    </node>
    <node id="84">
        <parent_id>28</parent_id>
        <left_child>true</left_child>
        <left_child_id>-1</left_child_id>
        <right_child_id>-1</right_child_id>
        <doc_count>97</doc_count>
        <top_terms>
            <term name="completed"/>
            <term name="completes"/>
            <term name="acquisition"/>
            <term name="purchase"/>
            <term name="stores"/>
        </top_terms>
    </node>
    <node id="85">
        <parent_id>28</parent_id>
        <left_child>true</left_child>
        <left_child_id>114</left_child_id>
        <right_child_id>115</right_child_id>
        <doc_count>262</doc_count>
        <top_terms>
            <term name="unit"/>
            <term name="sell"/>
            <term name="terms"/>
            <term name="undisclosed"/>
            <term name="subsidiary"/>
        </top_terms>
    </node>
    <node id="86">
        <parent_id>22</parent_id>
        <left_child>true</left_child>
        <left_child_id>-1</left_child_id>
        <right_child_id>-1</right_child_id>
        <doc_count>41</doc_count>
        <top_terms>
            <term name="sugar"/>
            <term name="ec"/>
            <term name="ecus"/>
            <term name="intervention"/>
            <term name="tonnes"/>
        </top_terms>
    </node>
    <node id="87">
        <parent_id>22</parent_id>
        <left_child>true</left_child>
        <left_child_id>-1</left_child_id>
        <right_child_id>-1</right_child_id>
        <doc_count>191</doc_count>
        <top_terms>
            <term name="sugar"/>
            <term name="tonnes"/>
            <term name="white"/>
            <term name="production"/>
            <term name="output"/>
        </top_terms>
    </node>
    <node id="88">
        <parent_id>75</parent_id>
        <left_child>true</left_child>
        <left_child_id>-1</left_child_id>
        <right_child_id>-1</right_child_id>
        <doc_count>4</doc_count>
        <top_terms>
            <term name="ldp"/>
            <term name="abe"/>
            <term name="plan"/>
            <term name="koizumi"/>
            <term name="officials"/>
        </top_terms>
    </node>
    <node id="89">
        <parent_id>75</parent_id>
        <left_child>true</left_child>
        <left_child_id>102</left_child_id>
        <right_child_id>103</right_child_id>
        <doc_count>99</doc_count>
        <top_terms>
            <term name="trade"/>
            <term name="world"/>
            <term name="economy"/>
            <term name="u.s"/>
            <term name="deficit"/>
        </top_terms>
    </node>
    <node id="90">
        <parent_id>81</parent_id>
        <left_child>true</left_child>
        <left_child_id>-1</left_child_id>
        <right_child_id>-1</right_child_id>
        <doc_count>88</doc_count>
        <top_terms>
            <term name="stg"/>
            <term name="debit"/>
            <term name="profit"/>
            <term name="pretax"/>
            <term name="making"/>
        </top_terms>
    </node>
    <node id="91">
        <parent_id>81</parent_id>
        <left_child>true</left_child>
        <left_child_id>-1</left_child_id>
        <right_child_id>-1</right_child_id>
        <doc_count>186</doc_count>
        <top_terms>
            <term name="francs"/>
            <term name="profit"/>
            <term name="billion"/>
            <term name="parent"/>
            <term name="turnover"/>
        </top_terms>
    </node>
    <node id="92">
        <parent_id>77</parent_id>
        <left_child>true</left_child>
        <left_child_id>-1</left_child_id>
        <right_child_id>-1</right_child_id>
        <doc_count>252</doc_count>
        <top_terms>
            <term name="unit"/>
            <term name="acquisition"/>
            <term name="dlrs"/>
            <term name="completed"/>
            <term name="sale"/>
        </top_terms>
    </node>
    <node id="93">
        <parent_id>77</parent_id>
        <left_child>true</left_child>
        <left_child_id>-1</left_child_id>
        <right_child_id>-1</right_child_id>
        <doc_count>111</doc_count>
        <top_terms>
            <term name="billion"/>
            <term name="sales"/>
            <term name="earnings"/>
            <term name="yen"/>
            <term name="year"/>
        </top_terms>
    </node>
    <node id="94">
        <parent_id>29</parent_id>
        <left_child>true</left_child>
        <left_child_id>-1</left_child_id>
        <right_child_id>-1</right_child_id>
        <doc_count>131</doc_count>
        <top_terms>
            <term name="merger"/>
            <term name="shareholders"/>
            <term name="hughes"/>
            <term name="proposed"/>
            <term name="receive"/>
        </top_terms>
    </node>
    <node id="95">
        <parent_id>29</parent_id>
        <left_child>true</left_child>
        <left_child_id>-1</left_child_id>
        <right_child_id>-1</right_child_id>
        <doc_count>216</doc_count>
        <top_terms>
            <term name="acquisition"/>
            <term name="acquire"/>
            <term name="subject"/>
            <term name="agreement"/>
            <term name="approval"/>
        </top_terms>
    </node>
    <node id="96">
        <parent_id>70</parent_id>
        <left_child>true</left_child>
        <left_child_id>98</left_child_id>
        <right_child_id>99</right_child_id>
        <doc_count>175</doc_count>
        <top_terms>
            <term name="offer"/>
            <term name="bid"/>
            <term name="takeover"/>
            <term name="shares"/>
            <term name="board"/>
        </top_terms>
    </node>
    <node id="97">
        <parent_id>70</parent_id>
        <left_child>true</left_child>
        <left_child_id>-1</left_child_id>
        <right_child_id>-1</right_child_id>
        <doc_count>9</doc_count>
        <top_terms>
            <term name="taft"/>
            <term name="dudley"/>
            <term name="broadcasting"/>
            <term name="theta"/>
            <term name="narragansett"/>
        </top_terms>
    </node>
    <node id="98">
        <parent_id>96</parent_id>
        <left_child>true</left_child>
        <left_child_id>-1</left_child_id>
        <right_child_id>-1</right_child_id>
        <doc_count>9</doc_count>
        <top_terms>
            <term name="miguel"/>
            <term name="san"/>
            <term name="pesos"/>
            <term name="smc"/>
            <term name="ucpb"/>
        </top_terms>
    </node>
    <node id="99">
        <parent_id>96</parent_id>
        <left_child>true</left_child>
        <left_child_id>100</left_child_id>
        <right_child_id>101</right_child_id>
        <doc_count>166</doc_count>
        <top_terms>
            <term name="offer"/>
            <term name="bid"/>
            <term name="takeover"/>
            <term name="proposal"/>
            <term name="board"/>
        </top_terms>
    </node>
    <node id="100">
        <parent_id>99</parent_id>
        <left_child>true</left_child>
        <left_child_id>120</left_child_id>
        <right_child_id>121</right_child_id>
        <doc_count>150</doc_count>
        <top_terms>
            <term name="offer"/>
            <term name="bid"/>
            <term name="takeover"/>
            <term name="board"/>
            <term name="proposal"/>
        </top_terms>
    </node>
    <node id="101">
        <parent_id>99</parent_id>
        <left_child>true</left_child>
        <left_child_id>-1</left_child_id>
        <right_child_id>-1</right_child_id>
        <doc_count>16</doc_count>
        <top_terms>
            <term name="dome"/>
            <term name="csr"/>
            <term name="transcanada"/>
            <term name="offer"/>
            <term name="bid"/>
        </top_terms>
    </node>
    <node id="102">
        <parent_id>89</parent_id>
        <left_child>true</left_child>
        <left_child_id>-1</left_child_id>
        <right_child_id>-1</right_child_id>
        <doc_count>7</doc_count>
        <top_terms>
            <term name="conable"/>
            <term name="indonesia"/>
            <term name="world"/>
            <term name="economy"/>
            <term name="bank"/>
        </top_terms>
    </node>
    <node id="103">
        <parent_id>89</parent_id>
        <left_child>true</left_child>
        <left_child_id>104</left_child_id>
        <right_child_id>105</right_child_id>
        <doc_count>92</doc_count>
        <top_terms>
            <term name="trade"/>
            <term name="u.s"/>
            <term name="deficit"/>
            <term name="soviet"/>
            <term name="billion"/>
        </top_terms>
    </node>
    <node id="104">
        <parent_id>103</parent_id>
        <left_child>true</left_child>
        <left_child_id>-1</left_child_id>
        <right_child_id>-1</right_child_id>
        <doc_count>18</doc_count>
        <top_terms>
            <term name="soviet"/>
            <term name="moscow"/>
            <term name="grain"/>
            <term name="union"/>
            <term name="officials"/>
        </top_terms>
    </node>
    <node id="105">
        <parent_id>103</parent_id>
        <left_child>true</left_child>
        <left_child_id>110</left_child_id>
        <right_child_id>111</right_child_id>
        <doc_count>74</doc_count>
        <top_terms>
            <term name="trade"/>
            <term name="deficit"/>
            <term name="economy"/>
            <term name="u.s"/>
            <term name="budget"/>
        </top_terms>
    </node>
    <node id="106">
        <parent_id>64</parent_id>
        <left_child>true</left_child>
        <left_child_id>-1</left_child_id>
        <right_child_id>-1</right_child_id>
        <doc_count>35</doc_count>
        <top_terms>
            <term name="ecuador"/>
            <term name="bpd"/>
            <term name="crude"/>
            <term name="pipeline"/>
            <term name="venezuela"/>
        </top_terms>
    </node>
    <node id="107">
        <parent_id>64</parent_id>
        <left_child>true</left_child>
        <left_child_id>124</left_child_id>
        <right_child_id>125</right_child_id>
        <doc_count>137</doc_count>
        <top_terms>
            <term name="oil"/>
            <term name="barrels"/>
            <term name="exploration"/>
            <term name="petroleum"/>
            <term name="energy"/>
        </top_terms>
    </node>
    <node id="108">
        <parent_id>49</parent_id>
        <left_child>true</left_child>
        <left_child_id>-1</left_child_id>
        <right_child_id>-1</right_child_id>
        <doc_count>130</doc_count>
        <top_terms>
            <term name="rates"/>
            <term name="rate"/>
            <term name="days"/>
            <term name="bank"/>
            <term name="pct"/>
        </top_terms>
    </node>
    <node id="109">
        <parent_id>49</parent_id>
        <left_child>true</left_child>
        <left_child_id>-1</left_child_id>
        <right_child_id>-1</right_child_id>
        <doc_count>50</doc_count>
        <top_terms>
            <term name="prime"/>
            <term name="rate"/>
            <term name="effective"/>
            <term name="raises"/>
            <term name="immediately"/>
        </top_terms>
    </node>
    <node id="110">
        <parent_id>105</parent_id>
        <left_child>true</left_child>
        <left_child_id>-1</left_child_id>
        <right_child_id>-1</right_child_id>
        <doc_count>49</doc_count>
        <top_terms>
            <term name="industry"/>
            <term name="years"/>
            <term name="billion"/>
            <term name="companies"/>
            <term name="told"/>
        </top_terms>
    </node>
    <node id="111">
        <parent_id>105</parent_id>
        <left_child>true</left_child>
        <left_child_id>-1</left_child_id>
        <right_child_id>-1</right_child_id>
        <doc_count>23</doc_count>
        <top_terms>
            <term name="trade"/>
            <term name="deficit"/>
            <term name="economy"/>
            <term name="budget"/>
            <term name="u.s"/>
        </top_terms>
    </node>
    <node id="112">
        <parent_id>27</parent_id>
        <left_child>true</left_child>
        <left_child_id>-1</left_child_id>
        <right_child_id>-1</right_child_id>
        <doc_count>26</doc_count>
        <top_terms>
            <term name="chips"/>
            <term name="chip"/>
            <term name="miti"/>
            <term name="japanese"/>
            <term name="makers"/>
        </top_terms>
    </node>
    <node id="113">
        <parent_id>27</parent_id>
        <left_child>true</left_child>
        <left_child_id>-1</left_child_id>
        <right_child_id>-1</right_child_id>
        <doc_count>94</doc_count>
        <top_terms>
            <term name="japanese"/>
            <term name="japan"/>
            <term name="trade"/>
            <term name="sanctions"/>
            <term name="reagan"/>
        </top_terms>
    </node>
    <node id="114">
        <parent_id>85</parent_id>
        <left_child>true</left_child>
        <left_child_id>-1</left_child_id>
        <right_child_id>-1</right_child_id>
        <doc_count>117</doc_count>
        <top_terms>
            <term name="undisclosed"/>
            <term name="terms"/>
            <term name="acquired"/>
            <term name="buys"/>
            <term name="unit"/>
        </top_terms>
    </node>
    <node id="115">
        <parent_id>85</parent_id>
        <left_child>true</left_child>
        <left_child_id>-1</left_child_id>
        <right_child_id>-1</right_child_id>
        <doc_count>145</doc_count>
        <top_terms>
            <term name="sell"/>
            <term name="unit"/>
            <term name="sale"/>
            <term name="subsidiary"/>
            <term name="disclosed"/>
        </top_terms>
    </node>
    <node id="116">
        <parent_id>40</parent_id>
        <left_child>true</left_child>
        <left_child_id>-1</left_child_id>
        <right_child_id>-1</right_child_id>
        <doc_count>47</doc_count>
        <top_terms>
            <term name="gatt"/>
            <term name="trade"/>
            <term name="uruguay"/>
            <term name="countries"/>
            <term name="round"/>
        </top_terms>
    </node>
    <node id="117">
        <parent_id>40</parent_id>
        <left_child>true</left_child>
        <left_child_id>-1</left_child_id>
        <right_child_id>-1</right_child_id>
        <doc_count>24</doc_count>
        <top_terms>
            <term name="ec"/>
            <term name="community"/>
            <term name="trade"/>
            <term name="european"/>
            <term name="clercq"/>
        </top_terms>
    </node>
    <node id="118">
        <parent_id>66</parent_id>
        <left_child>true</left_child>
        <left_child_id>-1</left_child_id>
        <right_child_id>-1</right_child_id>
        <doc_count>73</doc_count>
        <top_terms>
            <term name="coffee"/>
            <term name="ico"/>
            <term name="quotas"/>
            <term name="producers"/>
            <term name="quota"/>
        </top_terms>
    </node>
    <node id="119">
        <parent_id>66</parent_id>
        <left_child>true</left_child>
        <left_child_id>-1</left_child_id>
        <right_child_id>-1</right_child_id>
        <doc_count>77</doc_count>
        <top_terms>
            <term name="coffee"/>
            <term name="bags"/>
            <term name="registrations"/>
            <term name="ibc"/>
            <term name="colombia"/>
        </top_terms>
    </node>
    <node id="120">
        <parent_id>100</parent_id>
        <left_child>true</left_child>
        <left_child_id>122</left_child_id>
        <right_child_id>123</right_child_id>
        <doc_count>138</doc_count>
        <top_terms>
            <term name="offer"/>
            <term name="takeover"/>
            <term name="bid"/>
            <term name="board"/>
            <term name="proposal"/>
        </top_terms>
    </node>
    <node id="121">
        <parent_id>100</parent_id>
        <left_child>true</left_child>
        <left_child_id>-1</left_child_id>
        <right_child_id>-1</right_child_id>
        <doc_count>12</doc_count>
        <top_terms>
            <term name="harcourt"/>
            <term name="harper"/>
            <term name="brace"/>
            <term name="row"/>
            <term name="jovanovich"/>
        </top_terms>
    </node>
    <node id="122">
        <parent_id>120</parent_id>
        <left_child>true</left_child>
        <left_child_id>-1</left_child_id>
        <right_child_id>-1</right_child_id>
        <doc_count>97</doc_count>
        <top_terms>
            <term name="offer"/>
            <term name="board"/>
            <term name="proposal"/>
            <term name="gaf"/>
            <term name="caesars"/>
        </top_terms>
    </node>
    <node id="123">
        <parent_id>120</parent_id>
        <left_child>true</left_child>
        <left_child_id>-1</left_child_id>
        <right_child_id>-1</right_child_id>
        <doc_count>41</doc_count>
        <top_terms>
            <term name="takeover"/>
            <term name="ual"/>
            <term name="comment"/>
            <term name="speculation"/>
            <term name="street"/>
        </top_terms>
    </node>
    <node id="124">
        <parent_id>107</parent_id>
        <left_child>true</left_child>
        <left_child_id>-1</left_child_id>
        <right_child_id>-1</right_child_id>
        <doc_count>105</doc_count>
        <top_terms>
            <term name="oil"/>
            <term name="barrels"/>
            <term name="exploration"/>
            <term name="energy"/>
            <term name="petroleum"/>
        </top_terms>
    </node>
    <node id="125">
        <parent_id>107</parent_id>
        <left_child>true</left_child>
        <left_child_id>-1</left_child_id>
        <right_child_id>-1</right_child_id>
        <doc_count>32</doc_count>
        <top_terms>
            <term name="iranian"/>
            <term name="iran"/>
            <term name="gulf"/>
            <term name="iraq"/>
            <term name="oil"/>
        </top_terms>
    </node>
</DataSet>
